group,group_title,group_size,author,weighted_degree
G0,Contemporary American poetry,177,Billy Collins,354
G0,Contemporary American poetry,177,John Ashbery,331
G0,Contemporary American poetry,177,Adrienne Rich,275
G0,Contemporary American poetry,177,Rita Dove,272
G0,Contemporary American poetry,177,Mary Oliver,242
G0,Contemporary American poetry,177,Sharon Olds,225
G0,Contemporary American poetry,177,Charles Simic,208
G0,Contemporary American poetry,177,Galway Kinnell,202
G0,Contemporary American poetry,177,Frank O'Hara,189
G0,Contemporary American poetry,177,Yusef Komunyakaa,185
G0,Contemporary American poetry,177,Lucille Clifton,184
G0,Contemporary American poetry,177,Paul Muldoon,163
G0,Contemporary American poetry,177,Naomi Shihab Nye,148
G0,Contemporary American poetry,177,Philip Levine,146
G0,Contemporary American poetry,177,Mark Strand,137
G0,Contemporary American poetry,177,Maxine Kumin,135
G0,Contemporary American poetry,177,Robert Pinsky,129
G0,Contemporary American poetry,177,Mark Doty,121
G0,Contemporary American poetry,177,Kevin Young,110
G0,Contemporary American poetry,177,James Wright,101
G0,Contemporary American poetry,177,Robert Bly,98
G0,Contemporary American poetry,177,Edward Hirsch,91
G0,Contemporary American poetry,177,Joy Harjo,82
G0,Contemporary American poetry,177,Stephen Dunn,80
G0,Contemporary American poetry,177,Kenneth Koch,79
G0,Contemporary American poetry,177,James Tate,75
G0,Contemporary American poetry,177,Jane Hirshfield,75
G0,Contemporary American poetry,177,Jorie Graham,74
G0,Contemporary American poetry,177,Anne Carson,71
G0,Contemporary American poetry,177,Marge Piercy,71
G0,Contemporary American poetry,177,Terrance Hayes,68
G0,Contemporary American poetry,177,William Stafford,62
G0,Contemporary American poetry,177,Natasha Trethewey,61
G0,Contemporary American poetry,177,Jane Kenyon,59
G0,Contemporary American poetry,177,Denise Duhamel,52
G0,Contemporary American poetry,177,Tracy K. Smith,52
G0,Contemporary American poetry,177,Donald Hall,51
G0,Contemporary American poetry,177,Frederick Seidel,51
G0,Contemporary American poetry,177,Eileen Myles,49
G0,Contemporary American poetry,177,Robert Hass,47
G0,Contemporary American poetry,177,Charles Wright,42
G0,Contemporary American poetry,177,Dorianne Laux,42
G0,Contemporary American poetry,177,Hayden Carruth,40
G0,Contemporary American poetry,177,Tony Hoagland,40
G0,Contemporary American poetry,177,Brenda Hillman,39
G0,Contemporary American poetry,177,Dean Young,38
G0,Contemporary American poetry,177,Kay Ryan,37
G0,Contemporary American poetry,177,Li-Young Lee,35
G0,Contemporary American poetry,177,Carl Phillips,34
G0,Contemporary American poetry,177,Cole Swensen,34
G0,Contemporary American poetry,177,Heather McHugh,34
G0,Contemporary American poetry,177,David Lehman,32
G0,Contemporary American poetry,177,Nick Flynn,31
G0,Contemporary American poetry,177,Carol Muske-Dukes,30
G0,Contemporary American poetry,177,Ted Kooser,30
G0,Contemporary American poetry,177,James Schuyler,28
G0,Contemporary American poetry,177,Mary Ruefle,28
G0,Contemporary American poetry,177,Matthew Rohrer,28
G0,Contemporary American poetry,177,Joe Wenderoth,27
G0,Contemporary American poetry,177,Aimee Nezhukumatathil,26
G0,Contemporary American poetry,177,Frank Bidart,24
G0,Contemporary American poetry,177,Lynn Emanuel,24
G0,Contemporary American poetry,177,Bob Hicok,23
G0,Contemporary American poetry,177,Elizabeth Alexander,23
G0,Contemporary American poetry,177,Kim Addonizio,23
G0,Contemporary American poetry,177,Matthew Zapruder,23
G0,Contemporary American poetry,177,Amy Gerstler,22
G0,Contemporary American poetry,177,Rae Armantrout,22
G0,Contemporary American poetry,177,Alice Notley,21
G0,Contemporary American poetry,177,Joshua Beckman,21
G0,Contemporary American poetry,177,Lucia Perillo,21
G0,Contemporary American poetry,177,Peter Gizzi,21
G0,Contemporary American poetry,177,Brenda Shaughnessy,20
G0,Contemporary American poetry,177,Mark LeVine,20
G0,Contemporary American poetry,177,Noelle Kocot,20
G0,Contemporary American poetry,177,Claudia Rankine,19
G0,Contemporary American poetry,177,Molly Peacock,19
G0,Contemporary American poetry,177,William Matthews,19
G0,Contemporary American poetry,177,Catherine Bowman,18
G0,Contemporary American poetry,177,David Berman,18
G0,Contemporary American poetry,177,Ellen Bass,18
G0,Contemporary American poetry,177,Franz Wright,18
G0,Contemporary American poetry,177,Michael Collier,18
G0,Contemporary American poetry,177,Richard Howard,18
G0,Contemporary American poetry,177,Ron Padgett,17
G0,Contemporary American poetry,177,Marilyn Hacker,16
G0,Contemporary American poetry,177,Patricia Smith,16
G0,Contemporary American poetry,177,Tess Gallagher,16
G0,Contemporary American poetry,177,Brigit Pegeen Kelly,15
G0,Contemporary American poetry,177,Marie Howe,15
G0,Contemporary American poetry,177,Matthea Harvey,15
G0,Contemporary American poetry,177,Carl Dennis,14
G0,Contemporary American poetry,177,Dorothea Lasky,14
G0,Contemporary American poetry,177,Laura Kasischke,14
G0,Contemporary American poetry,177,Diane Wakoski,13
G0,Contemporary American poetry,177,Fady Joudah,13
G0,Contemporary American poetry,177,Sam Hamill,13
G0,Contemporary American poetry,177,Beth Ann Fennelly,12
G0,Contemporary American poetry,177,Campbell McGrath,12
G0,Contemporary American poetry,177,Gerald Stern,12
G0,Contemporary American poetry,177,Maurice Manning,12
G0,Contemporary American poetry,177,Russell Edson,12
G0,Contemporary American poetry,177,Andrew Hudgins,11
G0,Contemporary American poetry,177,Linda Gregg,10
G0,Contemporary American poetry,177,Lucie Brock-Broido,10
G0,Contemporary American poetry,177,Susan Stewart,10
G0,Contemporary American poetry,177,Thomas Lux,10
G0,Contemporary American poetry,177,Kimiko Hahn,9
G0,Contemporary American poetry,177,Annie Finch,8
G0,Contemporary American poetry,177,Ben Lerner,8
G0,Contemporary American poetry,177,Coleman Barks,8
G0,Contemporary American poetry,177,Dana Gioia,8
G0,Contemporary American poetry,177,Fanny Howe,8
G0,Contemporary American poetry,177,Gregory Orr,8
G0,Contemporary American poetry,177,Henri Cole,8
G0,Contemporary American poetry,177,Lynne Sharon Schwartz,8
G0,Contemporary American poetry,177,Marilyn Nelson,8
G0,Contemporary American poetry,177,Michelle Tea,8
G0,Contemporary American poetry,177,Oliver de la Paz,8
G0,Contemporary American poetry,177,Paisley Rekdal,8
G0,Contemporary American poetry,177,Sabrina Orah Mark,8
G0,Contemporary American poetry,177,Steven Heighton,8
G0,Contemporary American poetry,177,Richard Blanco,7
G0,Contemporary American poetry,177,Thomas Sayers Ellis,7
G0,Contemporary American poetry,177,C.D. Wright,6
G0,Contemporary American poetry,177,Christian Wiman,6
G0,Contemporary American poetry,177,David Kirby,6
G0,Contemporary American poetry,177,David Searcy,6
G0,Contemporary American poetry,177,Donald Revell,6
G0,Contemporary American poetry,177,Forrest Gander,6
G0,Contemporary American poetry,177,Honor Moore,6
G0,Contemporary American poetry,177,Kazim Ali,6
G0,Contemporary American poetry,177,Kevin Prufer,6
G0,Contemporary American poetry,177,Larissa Szporluk,6
G0,Contemporary American poetry,177,Larry Levis,6
G0,Contemporary American poetry,177,Philip Schultz,6
G0,Contemporary American poetry,177,Rafael Campo,6
G0,Contemporary American poetry,177,Richard Hugo,6
G0,Contemporary American poetry,177,Thalia Field,6
G0,Contemporary American poetry,177,Toi Derricotte,6
G0,Contemporary American poetry,177,Joseph Bruchac,5
G0,Contemporary American poetry,177,Lorna Dee Cervantes,5
G0,Contemporary American poetry,177,Brian Turner,4
G0,Contemporary American poetry,177,Catherine Wagner,4
G0,Contemporary American poetry,177,C.K. Williams,4
G0,Contemporary American poetry,177,Claudia Emerson,4
G0,Contemporary American poetry,177,Heather Sellers,4
G0,Contemporary American poetry,177,Jess Mowry,4
G0,Contemporary American poetry,177,Kyoko Mori,4
G0,Contemporary American poetry,177,Linda Pastan,4
G0,Contemporary American poetry,177,Major Jackson,4
G0,Contemporary American poetry,177,Meghan O'Rourke,4
G0,Contemporary American poetry,177,Rachel Cusk,4
G0,Contemporary American poetry,177,Spencer Reece,4
G0,Contemporary American poetry,177,Srikanth Reddy,4
G0,Contemporary American poetry,177,Stanley Plumly,4
G0,Contemporary American poetry,177,Marilyn Chin,3
G0,Contemporary American poetry,177,A. Van Jordan,2
G0,Contemporary American poetry,177,Ada Limon,2
G0,Contemporary American poetry,177,A.E. Stallings,2
G0,Contemporary American poetry,177,Alejandro Zambra,2
G0,Contemporary American poetry,177,B.H. Fairchild,2
G0,Contemporary American poetry,177,Cate Marvin,2
G0,Contemporary American poetry,177,David Mura,2
G0,Contemporary American poetry,177,Ellen Bryant Voigt,2
G0,Contemporary American poetry,177,Etel Adnan,2
G0,Contemporary American poetry,177,Jacqueline Kolosov,2
G0,Contemporary American poetry,177,James Longenbach,2
G0,Contemporary American poetry,177,Judith Kitchen,2
G0,Contemporary American poetry,177,Kim Stafford,2
G0,Contemporary American poetry,177,Lauren Slater,2
G0,Contemporary American poetry,177,Lynn Breedlove,2
G0,Contemporary American poetry,177,Mary Jo Bang,2
G0,Contemporary American poetry,177,Michael Weaver,2
G0,Contemporary American poetry,177,Rachel Zucker,2
G0,Contemporary American poetry,177,William Carpenter,2
G0,Contemporary American poetry,177,Zachary Schomburg,2
G1,Thriller bestsellers,158,Lee Child,504
G1,Thriller bestsellers,158,Michael Connelly,328
G1,Thriller bestsellers,158,James Rollins,287
G1,Thriller bestsellers,158,James Patterson,251
G1,Thriller bestsellers,158,Tom Clancy,201
G1,Thriller bestsellers,158,Brad Thor,189
G1,Thriller bestsellers,158,Dan Brown,183
G1,Thriller bestsellers,158,Tess Gerritsen,170
G1,Thriller bestsellers,158,Michael Crichton,161
G1,Thriller bestsellers,158,David Morrell,158
G1,Thriller bestsellers,158,John Grisham,157
G1,Thriller bestsellers,158,Vince Flynn,151
G1,Thriller bestsellers,158,Jeffery Deaver,143
G1,Thriller bestsellers,158,Harlan Coben,142
G1,Thriller bestsellers,158,Clive Cussler,134
G1,Thriller bestsellers,158,Robert Ludlum,134
G1,Thriller bestsellers,158,David Baldacci,132
G1,Thriller bestsellers,158,Steve Berry,126
G1,Thriller bestsellers,158,Lisa Gardner,119
G1,Thriller bestsellers,158,Douglas Preston,109
G1,Thriller bestsellers,158,Ian Fleming,97
G1,Thriller bestsellers,158,Heather Graham,94
G1,Thriller bestsellers,158,Patricia Cornwell,88
G1,Thriller bestsellers,158,Nelson DeMille,86
G1,Thriller bestsellers,158,Sandra Brown,77
G1,Thriller bestsellers,158,Allison Brennan,72
G1,Thriller bestsellers,158,Karin Slaughter,72
G1,Thriller bestsellers,158,Frederick Forsyth,61
G1,Thriller bestsellers,158,Linwood Barclay,57
G1,Thriller bestsellers,158,Gayle Lynds,55
G1,Thriller bestsellers,158,Joseph Finder,55
G1,Thriller bestsellers,158,Thomas Harris,53
G1,Thriller bestsellers,158,Daniel Silva,50
G1,Thriller bestsellers,158,Lisa Jackson,49
G1,Thriller bestsellers,158,Linda Fairstein,48
G1,Thriller bestsellers,158,Kathy Reichs,46
G1,Thriller bestsellers,158,Kay Hooper,45
G1,Thriller bestsellers,158,John Sandford,43
G1,Thriller bestsellers,158,Matthew Reilly,42
G1,Thriller bestsellers,158,Margaret Maron,40
G1,Thriller bestsellers,158,Robert Harris,39
G1,Thriller bestsellers,158,Scott Turow,37
G1,Thriller bestsellers,158,Jeremy Robinson,34
G1,Thriller bestsellers,158,Scott Sigler,34
G1,Thriller bestsellers,158,Stephen Coonts,34
G1,Thriller bestsellers,158,Lincoln Child,30
G1,Thriller bestsellers,158,Nick Stone,30
G1,Thriller bestsellers,158,Stieg Larsson,30
G1,Thriller bestsellers,158,Lisa Scottoline,27
G1,Thriller bestsellers,158,John Lescroart,26
G1,Thriller bestsellers,158,Len Deighton,26
G1,Thriller bestsellers,158,W.E.B. Griffin,26
G1,Thriller bestsellers,158,Robert Crais,25
G1,Thriller bestsellers,158,Jeff Long,23
G1,Thriller bestsellers,158,Jon Land,22
G1,Thriller bestsellers,158,Chris Ryan,21
G1,Thriller bestsellers,158,Sean Ellis,21
G1,Thriller bestsellers,158,Mary Magdalene,20
G1,Thriller bestsellers,158,Raymond Khoury,20
G1,Thriller bestsellers,158,Chris Kuzneski,19
G1,Thriller bestsellers,158,Lisa Unger,19
G1,Thriller bestsellers,158,Robert Masello,19
G1,Thriller bestsellers,158,Steve Alten,19
G1,Thriller bestsellers,158,C.J. Lyons,18
G1,Thriller bestsellers,158,Don Winslow,18
G1,Thriller bestsellers,158,Wendy Corsi Staub,18
G1,Thriller bestsellers,158,Ted Bell,17
G1,Thriller bestsellers,158,Andy McNab,16
G1,Thriller bestsellers,158,David Hagberg,16
G1,Thriller bestsellers,158,Joseph Nassise,15
G1,Thriller bestsellers,158,Mark Dawson,15
G1,Thriller bestsellers,158,Steve Martini,15
G1,Thriller bestsellers,158,Alistair MacLean,14
G1,Thriller bestsellers,158,J.T. Ellison,14
G1,Thriller bestsellers,158,M.J. Rose,14
G1,Thriller bestsellers,158,Paul Kemprecos,14
G1,Thriller bestsellers,158,Alex Berenson,13
G1,Thriller bestsellers,158,Robin Cook,13
G1,Thriller bestsellers,158,Craig Thomas,12
G1,Thriller bestsellers,158,Jack Higgins,12
G1,Thriller bestsellers,158,Jon Swain,12
G1,Thriller bestsellers,158,Phillip Knightley,12
G1,Thriller bestsellers,158,Scott Mariani,12
G1,Thriller bestsellers,158,Stel Pavlou,12
G1,Thriller bestsellers,158,Julia Spencer-Fleming,11
G1,Thriller bestsellers,158,Michael Koryta,11
G1,Thriller bestsellers,158,Richard Montanari,11
G1,Thriller bestsellers,158,Alex Kava,10
G1,Thriller bestsellers,158,Brad Meltzer,10
G1,Thriller bestsellers,158,Karen Rose,10
G1,Thriller bestsellers,158,Kevin O'Brien,10
G1,Thriller bestsellers,158,Otto Penzler,10
G1,Thriller bestsellers,158,David L. Golemon,9
G1,Thriller bestsellers,158,Desmond Bagley,9
G1,Thriller bestsellers,158,Henning Mankell,9
G1,Thriller bestsellers,158,James Grady,9
G1,Thriller bestsellers,158,Martha Powers,9
G1,Thriller bestsellers,158,T. Jefferson Parker,9
G1,Thriller bestsellers,158,Andrew Gross,8
G1,Thriller bestsellers,158,Gemma Halliday,8
G1,Thriller bestsellers,158,J.A. Jance,8
G1,Thriller bestsellers,158,Jefferson Bass,8
G1,Thriller bestsellers,158,Robert Dugoni,8
G1,Thriller bestsellers,158,Sean Chercover,8
G1,Thriller bestsellers,158,Tami Hoag,8
G1,Thriller bestsellers,158,Allen Wyler,6
G1,Thriller bestsellers,158,David Deutsch,6
G1,Thriller bestsellers,158,Jeff Lindsay,6
G1,Thriller bestsellers,158,John Creasey,6
G1,Thriller bestsellers,158,Jonathan Santlofer,6
G1,Thriller bestsellers,158,June Thompson,6
G1,Thriller bestsellers,158,Maggie Black,6
G1,Thriller bestsellers,158,Del Howison,5
G1,Thriller bestsellers,158,Elaine Pagels,5
G1,Thriller bestsellers,158,Jan Burke,5
G1,Thriller bestsellers,158,John Birmingham,5
G1,Thriller bestsellers,158,Leonardo da Vinci,5
G1,Thriller bestsellers,158,Sam Bourne,5
G1,Thriller bestsellers,158,Stephen Hunter,5
G1,Thriller bestsellers,158,Alafair Burke,4
G1,Thriller bestsellers,158,Andy McDermott,4
G1,Thriller bestsellers,158,James Barrington,4
G1,Thriller bestsellers,158,Joe Buff,4
G1,Thriller bestsellers,158,Lorenzo Carcaterra,4
G1,Thriller bestsellers,158,Lucy Kincaid,4
G1,Thriller bestsellers,158,Marcus Sakey,4
G1,Thriller bestsellers,158,Maxim Jakubowski,4
G1,Thriller bestsellers,158,Michael DiMercurio,4
G1,Thriller bestsellers,158,P.J. Parrish,4
G1,Thriller bestsellers,158,Sheldon Siegel,4
G1,Thriller bestsellers,158,Deon Meyer,3
G1,Thriller bestsellers,158,Roger Moore,3
G1,Thriller bestsellers,158,Tony Hawk,3
G1,Thriller bestsellers,158,Akiva Goldsman,2
G1,Thriller bestsellers,158,Alan Grant,2
G1,Thriller bestsellers,158,Albert Pike,2
G1,Thriller bestsellers,158,Barry Eisler,2
G1,Thriller bestsellers,158,Betty Mahmoody,2
G1,Thriller bestsellers,158,Charles Cumming,2
G1,Thriller bestsellers,158,Henry Lincoln,2
G1,Thriller bestsellers,158,Jack Du Brul,2
G1,Thriller bestsellers,158,James Hall,2
G1,Thriller bestsellers,158,Javier Sierra,2
G1,Thriller bestsellers,158,Jean-Yves Leloup,2
G1,Thriller bestsellers,158,Jennifer Morgan,2
G1,Thriller bestsellers,158,Kate Fox,2
G1,Thriller bestsellers,158,Kristin Harmel,2
G1,Thriller bestsellers,158,Lynda La Plante,2
G1,Thriller bestsellers,158,Michael Palmer,2
G1,Thriller bestsellers,158,Michael Prescott,2
G1,Thriller bestsellers,158,Olen Steinhauer,2
G1,Thriller bestsellers,158,Peter Benchley,2
G1,Thriller bestsellers,158,Richard Marcinko,2
G1,Thriller bestsellers,158,Robert Ferrigno,2
G1,Thriller bestsellers,158,Robert Markham,2
G1,Thriller bestsellers,158,Stephen Leather,2
G1,Thriller bestsellers,158,Ted Koppel,2
G1,Thriller bestsellers,158,William Landay,2
G2,Comics: canon & superhero,151,Neil Gaiman,618
G2,Comics: canon & superhero,151,Jack Kirby,107
G2,Comics: canon & superhero,151,Stan Lee,105
G2,Comics: canon & superhero,151,Alan Moore,103
G2,Comics: canon & superhero,151,Grant Morrison,71
G2,Comics: canon & superhero,151,Will Eisner,70
G2,Comics: canon & superhero,151,Dave Gibbons,54
G2,Comics: canon & superhero,151,Jim Lee,48
G2,Comics: canon & superhero,151,Frank Miller,47
G2,Comics: canon & superhero,151,Geoff Johns,47
G2,Comics: canon & superhero,151,Tim Sale,44
G2,Comics: canon & superhero,151,Neal Adams,41
G2,Comics: canon & superhero,151,Warren Ellis,35
G2,Comics: canon & superhero,151,Darwyn Cooke,34
G2,Comics: canon & superhero,151,Frank Frazetta,32
G2,Comics: canon & superhero,151,Jules Feiffer,32
G2,Comics: canon & superhero,151,Mike Mignola,32
G2,Comics: canon & superhero,151,Walter Simonson,31
G2,Comics: canon & superhero,151,Len Wein,29
G2,Comics: canon & superhero,151,Howard Chaykin,28
G2,Comics: canon & superhero,151,Gerry Conway,26
G2,Comics: canon & superhero,151,Joe Kubert,26
G2,Comics: canon & superhero,151,Gil Kane,23
G2,Comics: canon & superhero,151,Roy Thomas,23
G2,Comics: canon & superhero,151,Richard Corben,22
G2,Comics: canon & superhero,151,Ed Brubaker,21
G2,Comics: canon & superhero,151,Joss Whedon,21
G2,Comics: canon & superhero,151,Paul Pope,21
G2,Comics: canon & superhero,151,Phil Jimenez,21
G2,Comics: canon & superhero,151,Bill Sienkiewicz,20
G2,Comics: canon & superhero,151,Brian Bolland,20
G2,Comics: canon & superhero,151,John Buscema,20
G2,Comics: canon & superhero,151,Paul Chadwick,19
G2,Comics: canon & superhero,151,Paul Dini,19
G2,Comics: canon & superhero,151,Dave McKean,17
G2,Comics: canon & superhero,151,Harvey Kurtzman,17
G2,Comics: canon & superhero,151,Kevin Smith,16
G2,Comics: canon & superhero,151,Mark Waid,16
G2,Comics: canon & superhero,151,Scott Campbell,16
G2,Comics: canon & superhero,151,Dick Giordano,15
G2,Comics: canon & superhero,151,Jim Starlin,15
G2,Comics: canon & superhero,151,Mark Millar,15
G2,Comics: canon & superhero,151,Andrew Cosby,14
G2,Comics: canon & superhero,151,Barry Windsor-Smith,14
G2,Comics: canon & superhero,151,Jerry Ordway,14
G2,Comics: canon & superhero,151,Joe Simon,14
G2,Comics: canon & superhero,151,Marv Wolfman,14
G2,Comics: canon & superhero,151,Sam Kieth,14
G2,Comics: canon & superhero,151,Christopher Nolan,13
G2,Comics: canon & superhero,151,Chris Claremont,12
G2,Comics: canon & superhero,151,Jeff Smith,12
G2,Comics: canon & superhero,151,Jerry Siegel,12
G2,Comics: canon & superhero,151,John Byrne,12
G2,Comics: canon & superhero,151,John Rogers,12
G2,Comics: canon & superhero,151,Rick Remender,12
G2,Comics: canon & superhero,151,William Moulton Marston,12
G2,Comics: canon & superhero,151,Garth Ennis,11
G2,Comics: canon & superhero,151,Greg Rucka,11
G2,Comics: canon & superhero,151,Jason Aaron,11
G2,Comics: canon & superhero,151,Jill Thompson,11
G2,Comics: canon & superhero,151,Michael Turner,11
G2,Comics: canon & superhero,151,Robert Kanigher,11
G2,Comics: canon & superhero,151,Brian Azzarello,10
G2,Comics: canon & superhero,151,Gerard Way,10
G2,Comics: canon & superhero,151,John Broome,10
G2,Comics: canon & superhero,151,Keith Giffen,10
G2,Comics: canon & superhero,151,Matt Fraction,10
G2,Comics: canon & superhero,151,Patrick McDonnell,10
G2,Comics: canon & superhero,151,Al Feldstein,9
G2,Comics: canon & superhero,151,Charles Vess,9
G2,Comics: canon & superhero,151,Jimmy Palmiotti,9
G2,Comics: canon & superhero,151,P. Craig Russell,9
G2,Comics: canon & superhero,151,Todd McFarlane,9
G2,Comics: canon & superhero,151,Bill Finger,8
G2,Comics: canon & superhero,151,David S. Goyer,8
G2,Comics: canon & superhero,151,Gail Simone,8
G2,Comics: canon & superhero,151,J.H. Williams,8
G2,Comics: canon & superhero,151,Jim Steranko,8
G2,Comics: canon & superhero,151,Karl Kesel,8
G2,Comics: canon & superhero,151,Mark Chiarello,8
G2,Comics: canon & superhero,151,Mark Schultz,8
G2,Comics: canon & superhero,151,Mike Baron,8
G2,Comics: canon & superhero,151,Scott Morse,8
G2,Comics: canon & superhero,151,William Messner-Loebs,8
G2,Comics: canon & superhero,151,Jeph Loeb,7
G2,Comics: canon & superhero,151,Jon J. Muth,7
G2,Comics: canon & superhero,151,Mark Evanier,7
G2,Comics: canon & superhero,151,Paul Levitz,7
G2,Comics: canon & superhero,151,Peter J. Tomasi,7
G2,Comics: canon & superhero,151,Hal Foster,6
G2,Comics: canon & superhero,151,Jeff Lemire,6
G2,Comics: canon & superhero,151,Joe Quesada,6
G2,Comics: canon & superhero,151,Mike Allred,6
G2,Comics: canon & superhero,151,Osamu Tezuka,6
G2,Comics: canon & superhero,151,Steve Englehart,6
G2,Comics: canon & superhero,151,Steve Gerber,6
G2,Comics: canon & superhero,151,Alex Toth,5
G2,Comics: canon & superhero,151,Doug Moench,5
G2,Comics: canon & superhero,151,Wallace Wood,5
G2,Comics: canon & superhero,151,Audrey Niffenegger,4
G2,Comics: canon & superhero,151,Blake Bell,4
G2,Comics: canon & superhero,151,Brian Augustyn,4
G2,Comics: canon & superhero,151,Cullen Murphy,4
G2,Comics: canon & superhero,151,Eric Powell,4
G2,Comics: canon & superhero,151,Evan Dorkin,4
G2,Comics: canon & superhero,151,Fredric Wertham,4
G2,Comics: canon & superhero,151,Guy Davis,4
G2,Comics: canon & superhero,151,Jamie Delano,4
G2,Comics: canon & superhero,151,Jane Foster,4
G2,Comics: canon & superhero,151,Jim Shooter,4
G2,Comics: canon & superhero,151,John Arcudi,4
G2,Comics: canon & superhero,151,Jonathan Hickman,4
G2,Comics: canon & superhero,151,Kieron Gillen,4
G2,Comics: canon & superhero,151,Marc Silvestri,4
G2,Comics: canon & superhero,151,Milton Caniff,4
G2,Comics: canon & superhero,151,Rob Williams,4
G2,Comics: canon & superhero,151,Brian Wood,3
G2,Comics: canon & superhero,151,Jane Espenson,3
G2,Comics: canon & superhero,151,Justin Gray,3
G2,Comics: canon & superhero,151,Adam Warren,2
G2,Comics: canon & superhero,151,Amanda Palmer,2
G2,Comics: canon & superhero,151,Bob McLeod,2
G2,Comics: canon & superhero,151,Bruce Jones,2
G2,Comics: canon & superhero,151,Bryan Talbot,2
G2,Comics: canon & superhero,151,Craig Kyle,2
G2,Comics: canon & superhero,151,Dan Brereton,2
G2,Comics: canon & superhero,151,David Lapham,2
G2,Comics: canon & superhero,151,Dean Motter,2
G2,Comics: canon & superhero,151,Garry Wills,2
G2,Comics: canon & superhero,151,Gary Gianni,2
G2,Comics: canon & superhero,151,Jamie S. Rich,2
G2,Comics: canon & superhero,151,Jan Strnad,2
G2,Comics: canon & superhero,151,Jim Rugg,2
G2,Comics: canon & superhero,151,Kaori Yuki,2
G2,Comics: canon & superhero,151,Karen Page,2
G2,Comics: canon & superhero,151,Klaus Janson,2
G2,Comics: canon & superhero,151,Larry Hama,2
G2,Comics: canon & superhero,151,Louise Simonson,2
G2,Comics: canon & superhero,151,Mark Verheiden,2
G2,Comics: canon & superhero,151,Michael Alan Nelson,2
G2,Comics: canon & superhero,151,Mike Collins,2
G2,Comics: canon & superhero,151,Mike Grell,2
G2,Comics: canon & superhero,151,Rick Veitch,2
G2,Comics: canon & superhero,151,Robert Kirkman,2
G2,Comics: canon & superhero,151,Sean Murphy,2
G2,Comics: canon & superhero,151,Simon Fraser,2
G2,Comics: canon & superhero,151,Stan Sakai,2
G2,Comics: canon & superhero,151,Steve Parkhouse,2
G2,Comics: canon & superhero,151,Terry Austin,2
G2,Comics: canon & superhero,151,Terry Moore,2
G2,Comics: canon & superhero,151,W. Haden Blackman,2
G3,Christianity,139,Thomas Aquinas,102
G3,Christianity,139,Thomas Merton,83
G3,Christianity,139,Jonathan Edwards,82
G3,Christianity,139,Francis of Assisi,79
G3,Christianity,139,Billy Graham,75
G3,Christianity,139,Simone Weil,74
G3,Christianity,139,John Wesley,64
G3,Christianity,139,John Calvin,62
G3,Christianity,139,Pope John Paul II,55
G3,Christianity,139,Karl Barth,50
G3,Christianity,139,John of the Cross,49
G3,Christianity,139,Charles Spurgeon,44
G3,Christianity,139,Julian of Norwich,43
G3,Christianity,139,Dietrich Bonhoeffer,39
G3,Christianity,139,Dorothy Day,38
G3,Christianity,139,John Piper,38
G3,Christianity,139,Max Lucado,35
G3,Christianity,139,Catherine of Siena,34
G3,Christianity,139,Johann Sebastian Bach,34
G3,Christianity,139,Benedict XVI,33
G3,Christianity,139,William Wilberforce,32
G3,Christianity,139,Blaise Pascal,30
G3,Christianity,139,Hildegard of Bingen,30
G3,Christianity,139,John Bunyan,28
G3,Christianity,139,Meister Eckhart,26
G3,Christianity,139,Aleksandr Solzhenitsyn,25
G3,Christianity,139,Ravi Zacharias,22
G3,Christianity,139,John Chrysostom,21
G3,Christianity,139,Kahlil Gibran,20
G3,Christianity,139,Gladys Aylward,18
G3,Christianity,139,Mark Dever,16
G3,Christianity,139,William Carey,16
G3,Christianity,139,Edith Stein,15
G3,Christianity,139,Antonio Machado,14
G3,Christianity,139,Basil the Great,14
G3,Christianity,139,John Owen,14
G3,Christianity,139,Joni Eareckson Tada,14
G3,Christianity,139,Matthew Henry,14
G3,Christianity,139,Randy Alcorn,14
G3,Christianity,139,Augustine of Hippo,13
G3,Christianity,139,Ignatius of Loyola,13
G3,Christianity,139,Margery Kempe,13
G3,Christianity,139,Miguel de Unamuno,13
G3,Christianity,139,Richard Baxter,13
G3,Christianity,139,Justin Martyr,12
G3,Christianity,139,Reinhold Niebuhr,12
G3,Christianity,139,William Lane Craig,11
G3,Christianity,139,Amy Carmichael,10
G3,Christianity,139,Gregory of Nyssa,10
G3,Christianity,139,Josh McDowell,10
G3,Christianity,139,Kevin DeYoung,10
G3,Christianity,139,Rick Warren,10
G3,Christianity,139,Alvin Plantinga,9
G3,Christianity,139,Anne Graham Lotz,9
G3,Christianity,139,Cyril of Alexandria,9
G3,Christianity,139,Francis Chan,9
G3,Christianity,139,Alice McDermott,8
G3,Christianity,139,Bernard of Clairvaux,8
G3,Christianity,139,Corrie ten Boom,8
G3,Christianity,139,Isobel Kuhn,8
G3,Christianity,139,Jackie Pullinger,8
G3,Christianity,139,Justin Taylor,8
G3,Christianity,139,Lee Strobel,8
G3,Christianity,139,Oswald Chambers,8
G3,Christianity,139,A.W. Tozer,7
G3,Christianity,139,Eric Liddell,7
G3,Christianity,139,Evelyn Underhill,7
G3,Christianity,139,Karl Rahner,7
G3,Christianity,139,Antony Flew,6
G3,Christianity,139,Bill Hybels,6
G3,Christianity,139,Daniel Berrigan,6
G3,Christianity,139,Gregory of Nazianzus,6
G3,Christianity,139,Howard Thurman,6
G3,Christianity,139,John Newton,6
G3,Christianity,139,Padre Pio,6
G3,Christianity,139,Stanley Hauerwas,6
G3,Christianity,139,William Perkins,6
G3,Christianity,139,Andrew Murray,5
G3,Christianity,139,Christine de Pizan,5
G3,Christianity,139,George Weigel,5
G3,Christianity,139,Jacques Maritain,5
G3,Christianity,139,Marguerite Porete,5
G3,Christianity,139,Mark Driscoll,5
G3,Christianity,139,Perry Miller,5
G3,Christianity,139,Richard Swinburne,5
G3,Christianity,139,Wayne Grudem,5
G3,Christianity,139,Andy Stanley,4
G3,Christianity,139,Calvin Miller,4
G3,Christianity,139,Craig Groeschel,4
G3,Christianity,139,Dwight L. Moody,4
G3,Christianity,139,Eberhard Bethge,4
G3,Christianity,139,Elisabeth Elliot,4
G3,Christianity,139,Friedrich Schleiermacher,4
G3,Christianity,139,H. Richard Niebuhr,4
G3,Christianity,139,Hans Urs von Balthasar,4
G3,Christianity,139,James Carroll,4
G3,Christianity,139,Jorge Manrique,4
G3,Christianity,139,Ken Gire,4
G3,Christianity,139,Linda Dillow,4
G3,Christianity,139,Lloyd Jones,4
G3,Christianity,139,Nancy Leigh DeMoss,4
G3,Christianity,139,Pat Robertson,4
G3,Christianity,139,Pope John XXIII,4
G3,Christianity,139,Ramon Jimenez,4
G3,Christianity,139,Richard John Neuhaus,4
G3,Christianity,139,Stephen Charnock,4
G3,Christianity,139,Tim Challies,4
G3,Christianity,139,Pope Paul VI,3
G3,Christianity,139,Ramana Maharshi,3
G3,Christianity,139,Anselm of Canterbury,2
G3,Christianity,139,Benedict of Nursia,2
G3,Christianity,139,Bernard Knox,2
G3,Christianity,139,Brother Andrew,2
G3,Christianity,139,Brother Lawrence,2
G3,Christianity,139,Catherine Mowry Lacugna,2
G3,Christianity,139,Charles Templeton,2
G3,Christianity,139,Cyril of Jerusalem,2
G3,Christianity,139,David Cobb,2
G3,Christianity,139,Emilie Barnes,2
G3,Christianity,139,Franklin Graham,2
G3,Christianity,139,Henry Cloud,2
G3,Christianity,139,Irenaeus of Lyons,2
G3,Christianity,139,Jentezen Franklin,2
G3,Christianity,139,Jim Bishop,2
G3,Christianity,139,Jimmy Swaggart,2
G3,Christianity,139,John Mandeville,2
G3,Christianity,139,John Ortberg,2
G3,Christianity,139,Jonathan Sacks,2
G3,Christianity,139,Marie de France,2
G3,Christianity,139,Philip Yancey,2
G3,Christianity,139,Randy Frazee,2
G3,Christianity,139,R.C. Sproul,2
G3,Christianity,139,Richard P. Heitzenrater,2
G3,Christianity,139,Rob Bell,2
G3,Christianity,139,Ruth Bell,2
G3,Christianity,139,Ruth Graham,2
G3,Christianity,139,Scott Hahn,2
G3,Christianity,139,Wesley Stace,2
G3,Christianity,139,William T. Cavanaugh,2
G4,Rock & pop memoir,136,Bruce Springsteen,175
G4,Rock & pop memoir,136,Mick Jagger,151
G4,Rock & pop memoir,136,Patti Smith,150
G4,Rock & pop memoir,136,Paul McCartney,133
G4,Rock & pop memoir,136,Lou Reed,114
G4,Rock & pop memoir,136,Johnny Cash,107
G4,Rock & pop memoir,136,Jim Morrison,98
G4,Rock & pop memoir,136,Ray Charles,94
G4,Rock & pop memoir,136,Kurt Cobain,83
G4,Rock & pop memoir,136,Yoko Ono,81
G4,Rock & pop memoir,136,Eric Clapton,80
G4,Rock & pop memoir,136,Aretha Franklin,78
G4,Rock & pop memoir,136,Iggy Pop,76
G4,Rock & pop memoir,136,Keith Richards,76
G4,Rock & pop memoir,136,George Harrison,70
G4,Rock & pop memoir,136,Willie Nelson,70
G4,Rock & pop memoir,136,Leonard Cohen,69
G4,Rock & pop memoir,136,James Brown,67
G4,Rock & pop memoir,136,Chuck Berry,61
G4,Rock & pop memoir,136,Joni Mitchell,56
G4,Rock & pop memoir,136,Ringo Starr,55
G4,Rock & pop memoir,136,Courtney Love,47
G4,Rock & pop memoir,136,Joan Baez,46
G4,Rock & pop memoir,136,Alice Cooper,45
G4,Rock & pop memoir,136,Frank Zappa,45
G4,Rock & pop memoir,136,Dolly Parton,40
G4,Rock & pop memoir,136,Marilyn Manson,40
G4,Rock & pop memoir,136,Tupac Shakur,40
G4,Rock & pop memoir,136,Charles Manson,37
G4,Rock & pop memoir,136,Bob Marley,33
G4,Rock & pop memoir,136,Woody Guthrie,32
G4,Rock & pop memoir,136,Diana Ross,31
G4,Rock & pop memoir,136,David Byrne,30
G4,Rock & pop memoir,136,Tina Turner,29
G4,Rock & pop memoir,136,Debbie Harry,26
G4,Rock & pop memoir,136,George Martin,26
G4,Rock & pop memoir,136,B.B. King,25
G4,Rock & pop memoir,136,George Jones,24
G4,Rock & pop memoir,136,Keith Haring,23
G4,Rock & pop memoir,136,Pete Townshend,22
G4,Rock & pop memoir,136,Tommy Lee,22
G4,Rock & pop memoir,136,Bette Midler,21
G4,Rock & pop memoir,136,Marianne Faithfull,21
G4,Rock & pop memoir,136,Ozzy Osbourne,21
G4,Rock & pop memoir,136,Richard Hell,21
G4,Rock & pop memoir,136,Waylon Jennings,21
G4,Rock & pop memoir,136,Loretta Lynn,20
G4,Rock & pop memoir,136,Nina Simone,20
G4,Rock & pop memoir,136,Britney Spears,19
G4,Rock & pop memoir,136,Berry Gordy,18
G4,Rock & pop memoir,136,Merle Haggard,18
G4,Rock & pop memoir,136,Brian Wilson,16
G4,Rock & pop memoir,136,Henry Rollins,16
G4,Rock & pop memoir,136,Lydia Lunch,16
G4,Rock & pop memoir,136,Ray Manzarek,16
G4,Rock & pop memoir,136,Tom Waits,16
G4,Rock & pop memoir,136,Camille Paglia,15
G4,Rock & pop memoir,136,John Cale,15
G4,Rock & pop memoir,136,Snoop Dogg,15
G4,Rock & pop memoir,136,Tom Petty,15
G4,Rock & pop memoir,136,Will Smith,15
G4,Rock & pop memoir,136,John Waters,14
G4,Rock & pop memoir,136,Pete Seeger,14
G4,Rock & pop memoir,136,Tammy Wynette,14
G4,Rock & pop memoir,136,Grandmaster Flash,13
G4,Rock & pop memoir,136,L.L. Cool J.,13
G4,Rock & pop memoir,136,Nikki Sixx,13
G4,Rock & pop memoir,136,Russell Simmons,13
G4,Rock & pop memoir,136,Maharishi Mahesh Yogi,12
G4,Rock & pop memoir,136,Nick Cave,12
G4,Rock & pop memoir,136,Mary Wilson,11
G4,Rock & pop memoir,136,Queen Latifah,11
G4,Rock & pop memoir,136,Angelina Jolie,10
G4,Rock & pop memoir,136,Gladys Knight,10
G4,Rock & pop memoir,136,Hubert Selby Jr.,10
G4,Rock & pop memoir,136,David Crosby,9
G4,Rock & pop memoir,136,Bill Wyman,8
G4,Rock & pop memoir,136,David Lee Roth,8
G4,Rock & pop memoir,136,Gene Simmons,8
G4,Rock & pop memoir,136,Laura Mulvey,8
G4,Rock & pop memoir,136,O.J. Simpson,8
G4,Rock & pop memoir,136,Rick James,8
G4,Rock & pop memoir,136,Chuck D,7
G4,Rock & pop memoir,136,Dave Marsh,7
G4,Rock & pop memoir,136,Pamela Anderson,7
G4,Rock & pop memoir,136,Ted Nugent,7
G4,Rock & pop memoir,136,Danny Fields,6
G4,Rock & pop memoir,136,John Carter Cash,6
G4,Rock & pop memoir,136,John Densmore,6
G4,Rock & pop memoir,136,Kenneth Anger,6
G4,Rock & pop memoir,136,Michael Stipe,6
G4,Rock & pop memoir,136,Steve Earle,6
G4,Rock & pop memoir,136,Taylor Swift,6
G4,Rock & pop memoir,136,Trace Adkins,6
G4,Rock & pop memoir,136,Trinh T. Minh-ha,6
G4,Rock & pop memoir,136,Yvonne Rainer,6
G4,Rock & pop memoir,136,Etta James,5
G4,Rock & pop memoir,136,Peter Green,5
G4,Rock & pop memoir,136,Aileen Wuornos,4
G4,Rock & pop memoir,136,Billy Corgan,4
G4,Rock & pop memoir,136,Legs McNeil,4
G4,Rock & pop memoir,136,May Pang,4
G4,Rock & pop memoir,136,Mickey Hart,4
G4,Rock & pop memoir,136,Patricia Heaton,4
G4,Rock & pop memoir,136,Phil Lesh,4
G4,Rock & pop memoir,136,Ron Wood,4
G4,Rock & pop memoir,136,Sean Astin,4
G4,Rock & pop memoir,136,Steve Jones,4
G4,Rock & pop memoir,136,Linda McCartney,3
G4,Rock & pop memoir,136,Mick Fleetwood,3
G4,Rock & pop memoir,136,Barry Manilow,2
G4,Rock & pop memoir,136,Bob Gruen,2
G4,Rock & pop memoir,136,Don Felder,2
G4,Rock & pop memoir,136,Everett True,2
G4,Rock & pop memoir,136,Jac Holzman,2
G4,Rock & pop memoir,136,James Riordan,2
G4,Rock & pop memoir,136,Jeff Tweedy,2
G4,Rock & pop memoir,136,John Lydon,2
G4,Rock & pop memoir,136,Kevin Powell,2
G4,Rock & pop memoir,136,Kevin Sampson,2
G4,Rock & pop memoir,136,Lee Jones,2
G4,Rock & pop memoir,136,Louis Zamperini,2
G4,Rock & pop memoir,136,Marcia Clark,2
G4,Rock & pop memoir,136,Michael Anthony,2
G4,Rock & pop memoir,136,Nancy Sinatra,2
G4,Rock & pop memoir,136,Peter Wollen,2
G4,Rock & pop memoir,136,Rita Marley,2
G4,Rock & pop memoir,136,Robert Whitaker,2
G4,Rock & pop memoir,136,Rock Scully,2
G4,Rock & pop memoir,136,Ruth Brown,2
G4,Rock & pop memoir,136,Stan Brakhage,2
G4,Rock & pop memoir,136,Susan Miller,2
G4,Rock & pop memoir,136,Susan Smith,2
G4,Rock & pop memoir,136,Suzi Quatro,2
G4,Rock & pop memoir,136,Tony Visconti,2
G4,Rock & pop memoir,136,Wynonna Judd,2
G5,Creative-writing (MFA) circuit,122,Aimee Bender,104
G5,Creative-writing (MFA) circuit,122,Jim Shepard,85
G5,Creative-writing (MFA) circuit,122,Wayne Koestenbaum,63
G5,Creative-writing (MFA) circuit,122,Charles Baxter,59
G5,Creative-writing (MFA) circuit,122,Richard Russo,52
G5,Creative-writing (MFA) circuit,122,Steve Almond,41
G5,Creative-writing (MFA) circuit,122,Susan Straight,40
G5,Creative-writing (MFA) circuit,122,Ethan Canin,37
G5,Creative-writing (MFA) circuit,122,Amy Bloom,34
G5,Creative-writing (MFA) circuit,122,Jonathan Ames,34
G5,Creative-writing (MFA) circuit,122,Vivian Gornick,30
G5,Creative-writing (MFA) circuit,122,Colson Whitehead,28
G5,Creative-writing (MFA) circuit,122,Lydia Millet,28
G5,Creative-writing (MFA) circuit,122,Phillip Lopate,28
G5,Creative-writing (MFA) circuit,122,Antonya Nelson,27
G5,Creative-writing (MFA) circuit,122,Margot Livesey,27
G5,Creative-writing (MFA) circuit,122,Anthony Doerr,26
G5,Creative-writing (MFA) circuit,122,Deb Olin Unferth,25
G5,Creative-writing (MFA) circuit,122,Kathryn Harrison,25
G5,Creative-writing (MFA) circuit,122,Kate Bernheimer,24
G5,Creative-writing (MFA) circuit,122,Andrea Barrett,23
G5,Creative-writing (MFA) circuit,122,Dani Shapiro,21
G5,Creative-writing (MFA) circuit,122,David Shields,19
G5,Creative-writing (MFA) circuit,122,Ron Carlson,18
G5,Creative-writing (MFA) circuit,122,Julia Cameron,16
G5,Creative-writing (MFA) circuit,122,Laird Hunt,16
G5,Creative-writing (MFA) circuit,122,Padgett Powell,16
G5,Creative-writing (MFA) circuit,122,Stuart Dybek,16
G5,Creative-writing (MFA) circuit,122,Marina Warner,15
G5,Creative-writing (MFA) circuit,122,Betsy Lerner,14
G5,Creative-writing (MFA) circuit,122,Christopher Castellani,14
G5,Creative-writing (MFA) circuit,122,Glen David Gold,14
G5,Creative-writing (MFA) circuit,122,Jewell Parker Rhodes,14
G5,Creative-writing (MFA) circuit,122,Judith Ortiz Cofer,14
G5,Creative-writing (MFA) circuit,122,Maggie Nelson,14
G5,Creative-writing (MFA) circuit,122,Dan Chaon,13
G5,Creative-writing (MFA) circuit,122,Robin Hemley,13
G5,Creative-writing (MFA) circuit,122,Merrill Markoe,12
G5,Creative-writing (MFA) circuit,122,Robert Boswell,12
G5,Creative-writing (MFA) circuit,122,Shelley Jackson,12
G5,Creative-writing (MFA) circuit,122,Tova Mirvis,12
G5,Creative-writing (MFA) circuit,122,Ander Monson,11
G5,Creative-writing (MFA) circuit,122,Anthony Swofford,11
G5,Creative-writing (MFA) circuit,122,Sheila Heti,11
G5,Creative-writing (MFA) circuit,122,Amy Sohn,10
G5,Creative-writing (MFA) circuit,122,Bret Lott,10
G5,Creative-writing (MFA) circuit,122,Elissa Schappell,10
G5,Creative-writing (MFA) circuit,122,Lia Purpura,10
G5,Creative-writing (MFA) circuit,122,Lynne Tillman,10
G5,Creative-writing (MFA) circuit,122,Michael Martone,10
G5,Creative-writing (MFA) circuit,122,Eula Biss,9
G5,Creative-writing (MFA) circuit,122,Dara Horn,8
G5,Creative-writing (MFA) circuit,122,Jennifer Belle,8
G5,Creative-writing (MFA) circuit,122,Joyce Maynard,8
G5,Creative-writing (MFA) circuit,122,Mark Helprin,8
G5,Creative-writing (MFA) circuit,122,Sarah Manguso,8
G5,Creative-writing (MFA) circuit,122,Ann Hood,6
G5,Creative-writing (MFA) circuit,122,Chris Adrian,6
G5,Creative-writing (MFA) circuit,122,Curtis Sittenfeld,6
G5,Creative-writing (MFA) circuit,122,David Szalay,6
G5,Creative-writing (MFA) circuit,122,Etgar Keret,6
G5,Creative-writing (MFA) circuit,122,J. Robert Lennon,6
G5,Creative-writing (MFA) circuit,122,Jesse Ball,6
G5,Creative-writing (MFA) circuit,122,John D'Agata,6
G5,Creative-writing (MFA) circuit,122,Julia Glass,6
G5,Creative-writing (MFA) circuit,122,Lauren Grodstein,6
G5,Creative-writing (MFA) circuit,122,Lucinda Rosenfeld,6
G5,Creative-writing (MFA) circuit,122,Mark Richard,6
G5,Creative-writing (MFA) circuit,122,Rachel Kadish,6
G5,Creative-writing (MFA) circuit,122,Roxana Robinson,6
G5,Creative-writing (MFA) circuit,122,Sigrid Nunez,6
G5,Creative-writing (MFA) circuit,122,Sven Birkerts,6
G5,Creative-writing (MFA) circuit,122,Dinty W. Moore,5
G5,Creative-writing (MFA) circuit,122,Michael Kimball,5
G5,Creative-writing (MFA) circuit,122,Nancy Mairs,5
G5,Creative-writing (MFA) circuit,122,Ben Ehrenreich,4
G5,Creative-writing (MFA) circuit,122,Bob Powers,4
G5,Creative-writing (MFA) circuit,122,Bret Anthony Johnston,4
G5,Creative-writing (MFA) circuit,122,Cintra Wilson,4
G5,Creative-writing (MFA) circuit,122,Cristina Henriquez,4
G5,Creative-writing (MFA) circuit,122,Ed Park,4
G5,Creative-writing (MFA) circuit,122,Holiday Reinhorn,4
G5,Creative-writing (MFA) circuit,122,Jacquelyn Mitchard,4
G5,Creative-writing (MFA) circuit,122,Karen Karbo,4
G5,Creative-writing (MFA) circuit,122,Lev Raphael,4
G5,Creative-writing (MFA) circuit,122,Lewis Robinson,4
G5,Creative-writing (MFA) circuit,122,Pamela Painter,4
G5,Creative-writing (MFA) circuit,122,Paul Lisicky,4
G5,Creative-writing (MFA) circuit,122,Steve Erickson,4
G5,Creative-writing (MFA) circuit,122,Tom McCarthy,4
G5,Creative-writing (MFA) circuit,122,Jessica Anya Blau,3
G5,Creative-writing (MFA) circuit,122,Adam Langer,2
G5,Creative-writing (MFA) circuit,122,Alexandra Styron,2
G5,Creative-writing (MFA) circuit,122,Amanda Eyre Ward,2
G5,Creative-writing (MFA) circuit,122,Ann Packer,2
G5,Creative-writing (MFA) circuit,122,Chris Abani,2
G5,Creative-writing (MFA) circuit,122,Chris Bachelder,2
G5,Creative-writing (MFA) circuit,122,Christine Schutt,2
G5,Creative-writing (MFA) circuit,122,David Huddle,2
G5,Creative-writing (MFA) circuit,122,David Markson,2
G5,Creative-writing (MFA) circuit,122,Diana Abu-Jaber,2
G5,Creative-writing (MFA) circuit,122,Donald Antrim,2
G5,Creative-writing (MFA) circuit,122,Ehud Havazelet,2
G5,Creative-writing (MFA) circuit,122,Elizabeth Strout,2
G5,Creative-writing (MFA) circuit,122,Ellen Miller,2
G5,Creative-writing (MFA) circuit,122,Frederick Reiken,2
G5,Creative-writing (MFA) circuit,122,Harriet Doerr,2
G5,Creative-writing (MFA) circuit,122,James Gibbons,2
G5,Creative-writing (MFA) circuit,122,James Thomas,2
G5,Creative-writing (MFA) circuit,122,Janet Peery,2
G5,Creative-writing (MFA) circuit,122,Jenny Offill,2
G5,Creative-writing (MFA) circuit,122,Joshua Braff,2
G5,Creative-writing (MFA) circuit,122,Judy Budnitz,2
G5,Creative-writing (MFA) circuit,122,Julianna Baggott,2
G5,Creative-writing (MFA) circuit,122,Kathryn Davis,2
G5,Creative-writing (MFA) circuit,122,Kevin Sampsell,2
G5,Creative-writing (MFA) circuit,122,Malachy McCourt,2
G5,Creative-writing (MFA) circuit,122,Matthew Derby,2
G5,Creative-writing (MFA) circuit,122,Phyllis Rose,2
G5,Creative-writing (MFA) circuit,122,Rebecca Goldstein,2
G5,Creative-writing (MFA) circuit,122,Sesshu Foster,2
G5,Creative-writing (MFA) circuit,122,Siri Hustvedt,2
G6,Self-help & spirituality,120,Thich Nhat Hanh,67
G6,Self-help & spirituality,120,Deepak Chopra,65
G6,Self-help & spirituality,120,Ram Dass,57
G6,Self-help & spirituality,120,Napoleon Hill,55
G6,Self-help & spirituality,120,Brian Tracy,48
G6,Self-help & spirituality,120,Anthony Robbins,44
G6,Self-help & spirituality,120,Norman Fischer,38
G6,Self-help & spirituality,120,Sharon Salzberg,38
G6,Self-help & spirituality,120,Sylvia Boorstein,37
G6,Self-help & spirituality,120,Joseph Goldstein,36
G6,Self-help & spirituality,120,Joseph Campbell,35
G6,Self-help & spirituality,120,Marianne Williamson,35
G6,Self-help & spirituality,120,Dale Carnegie,32
G6,Self-help & spirituality,120,Mark Victor Hansen,32
G6,Self-help & spirituality,120,Jack Canfield,29
G6,Self-help & spirituality,120,Natalie Goldberg,25
G6,Self-help & spirituality,120,Jack Kornfield,24
G6,Self-help & spirituality,120,Larry Dossey,22
G6,Self-help & spirituality,120,Les Brown,22
G6,Self-help & spirituality,120,Eckhart Tolle,21
G6,Self-help & spirituality,120,Sakyong Mipham,21
G6,Self-help & spirituality,120,Jim Rohn,19
G6,Self-help & spirituality,120,John Gray,19
G6,Self-help & spirituality,120,Andrew Weil,18
G6,Self-help & spirituality,120,Jon Kabat-Zinn,18
G6,Self-help & spirituality,120,Daniel Goleman,17
G6,Self-help & spirituality,120,Norman Vincent Peale,17
G6,Self-help & spirituality,120,Bob Proctor,16
G6,Self-help & spirituality,120,Huston Smith,16
G6,Self-help & spirituality,120,Tara Brach,15
G6,Self-help & spirituality,120,Karen Armstrong,14
G6,Self-help & spirituality,120,Stephen R. Covey,14
G6,Self-help & spirituality,120,Ajahn Chah,12
G6,Self-help & spirituality,120,Christiane Northrup,12
G6,Self-help & spirituality,120,James Redfield,12
G6,Self-help & spirituality,120,Rhonda Byrne,12
G6,Self-help & spirituality,120,Zig Ziglar,11
G6,Self-help & spirituality,120,Dilgo Khyentse,10
G6,Self-help & spirituality,120,Earl Nightingale,10
G6,Self-help & spirituality,120,Iyanla Vanzant,10
G6,Self-help & spirituality,120,Noah Levine,9
G6,Self-help & spirituality,120,Joel Osteen,8
G6,Self-help & spirituality,120,Thomas Berry,8
G6,Self-help & spirituality,120,Wallace D. Wattles,8
G6,Self-help & spirituality,120,Barbara Marx Hubbard,7
G6,Self-help & spirituality,120,Joanna Macy,7
G6,Self-help & spirituality,120,Barbara De Angelis,6
G6,Self-help & spirituality,120,Byron Katie,6
G6,Self-help & spirituality,120,Dean Ornish,6
G6,Self-help & spirituality,120,Gail Saltz,6
G6,Self-help & spirituality,120,Goldie Hawn,6
G6,Self-help & spirituality,120,Joan Halifax,6
G6,Self-help & spirituality,120,Marci Shimoff,6
G6,Self-help & spirituality,120,Og Mandino,6
G6,Self-help & spirituality,120,Peter Russell,6
G6,Self-help & spirituality,120,Sri Sri Ravi Shankar,6
G6,Self-help & spirituality,120,Susan Piver,6
G6,Self-help & spirituality,120,Tom Hopkins,6
G6,Self-help & spirituality,120,Wayne W. Dyer,6
G6,Self-help & spirituality,120,Judith Simmer-Brown,5
G6,Self-help & spirituality,120,Ken Wilber,5
G6,Self-help & spirituality,120,Caroline Myss,4
G6,Self-help & spirituality,120,Charles F. Haanel,4
G6,Self-help & spirituality,120,Clayton M. Christensen,4
G6,Self-help & spirituality,120,Dan Millman,4
G6,Self-help & spirituality,120,Deborah Norville,4
G6,Self-help & spirituality,120,Denis Waitley,4
G6,Self-help & spirituality,120,Dzogchen Ponlop,4
G6,Self-help & spirituality,120,Gil Fronsdal,4
G6,Self-help & spirituality,120,Gregg Braden,4
G6,Self-help & spirituality,120,Jim Stovall,4
G6,Self-help & spirituality,120,Joan Borysenko,4
G6,Self-help & spirituality,120,Loral Langemeier,4
G6,Self-help & spirituality,120,Mark Epstein,4
G6,Self-help & spirituality,120,Mark Hyman,4
G6,Self-help & spirituality,120,Mark Nepo,4
G6,Self-help & spirituality,120,Mike Wallace,4
G6,Self-help & spirituality,120,Muhammad Yunus,4
G6,Self-help & spirituality,120,Pat Williams,4
G6,Self-help & spirituality,120,Rodney Yee,4
G6,Self-help & spirituality,120,Sharon Gannon,4
G6,Self-help & spirituality,120,Steve Pavlina,4
G6,Self-help & spirituality,120,Suze Orman,4
G6,Self-help & spirituality,120,Thubten Chodron,4
G6,Self-help & spirituality,120,Tsultrim Allione,4
G6,Self-help & spirituality,120,Tulku Thondup,4
G6,Self-help & spirituality,120,W. Clement Stone,4
G6,Self-help & spirituality,120,Bruce Chilton,3
G6,Self-help & spirituality,120,Jean Houston,3
G6,Self-help & spirituality,120,Joe Dispenza,3
G6,Self-help & spirituality,120,Matthew Fox,3
G6,Self-help & spirituality,120,Beryl Bender Birch,2
G6,Self-help & spirituality,120,Bhikkhu Bodhi,2
G6,Self-help & spirituality,120,Brian Swimme,2
G6,Self-help & spirituality,120,Cheryl Richardson,2
G6,Self-help & spirituality,120,Esther Hicks,2
G6,Self-help & spirituality,120,Frank Harris,2
G6,Self-help & spirituality,120,Fred Alan Wolf,2
G6,Self-help & spirituality,120,Frithjof Schuon,2
G6,Self-help & spirituality,120,Jamgon Kongtrul,2
G6,Self-help & spirituality,120,Janet Bray Attwood,2
G6,Self-help & spirituality,120,Jill Scott,2
G6,Self-help & spirituality,120,Joseph Murphy,2
G6,Self-help & spirituality,120,Joyce Meyer,2
G6,Self-help & spirituality,120,Karen Miller,2
G6,Self-help & spirituality,120,Laura Stack,2
G6,Self-help & spirituality,120,Lynne McTaggart,2
G6,Self-help & spirituality,120,Max Hastings,2
G6,Self-help & spirituality,120,Patrul Rinpoche,2
G6,Self-help & spirituality,120,Reza Aslan,2
G6,Self-help & spirituality,120,Robert Aitken,2
G6,Self-help & spirituality,120,Robert Collier,2
G6,Self-help & spirituality,120,Stephen M.R. Covey,2
G6,Self-help & spirituality,120,Steve Wozniak,2
G6,Self-help & spirituality,120,Surya Das,2
G6,Self-help & spirituality,120,Susan L. Taylor,2
G6,Self-help & spirituality,120,T. Harv Eker,2
G6,Self-help & spirituality,120,T.D. Jakes,2
G6,Self-help & spirituality,120,Tulku Urgyen,2
G6,Self-help & spirituality,120,W. Chan Kim,2
G7,Comedy & punditry,117,Nora Ephron,94
G7,Comedy & punditry,117,Steve Martin,69
G7,Comedy & punditry,117,Mel Brooks,68
G7,Comedy & punditry,117,Lenny Bruce,65
G7,Comedy & punditry,117,Rush Limbaugh,58
G7,Comedy & punditry,117,Bill O'Reilly,56
G7,Comedy & punditry,117,Jerry Seinfeld,56
G7,Comedy & punditry,117,Barbara Ehrenreich,53
G7,Comedy & punditry,117,Jon Stewart,48
G7,Comedy & punditry,117,Bill Maher,44
G7,Comedy & punditry,117,John McCain,43
G7,Comedy & punditry,117,Al Franken,41
G7,Comedy & punditry,117,Joan Rivers,40
G7,Comedy & punditry,117,Mia Farrow,40
G7,Comedy & punditry,117,Michael Moore,40
G7,Comedy & punditry,117,Billy Crystal,37
G7,Comedy & punditry,117,Sean Hannity,37
G7,Comedy & punditry,117,Al Gore,34
G7,Comedy & punditry,117,Jay Leno,34
G7,Comedy & punditry,117,George Carlin,33
G7,Comedy & punditry,117,Bill Cosby,32
G7,Comedy & punditry,117,Nancy Pelosi,31
G7,Comedy & punditry,117,Newt Gingrich,31
G7,Comedy & punditry,117,Ellen DeGeneres,30
G7,Comedy & punditry,117,Mitt Romney,29
G7,Comedy & punditry,117,Phyllis Diller,29
G7,Comedy & punditry,117,Chris Rock,26
G7,Comedy & punditry,117,Stephen Colbert,26
G7,Comedy & punditry,117,Bill Murray,25
G7,Comedy & punditry,117,David Letterman,23
G7,Comedy & punditry,117,Glenn Beck,23
G7,Comedy & punditry,117,Ann Coulter,21
G7,Comedy & punditry,117,Gary Hart,21
G7,Comedy & punditry,117,George Burns,21
G7,Comedy & punditry,117,Molly Ivins,21
G7,Comedy & punditry,117,Harry Shearer,20
G7,Comedy & punditry,117,John Ridley,20
G7,Comedy & punditry,117,Mario Puzo,20
G7,Comedy & punditry,117,Bob Newhart,18
G7,Comedy & punditry,117,Ralph Nader,18
G7,Comedy & punditry,117,Richard Pryor,18
G7,Comedy & punditry,117,William Goldman,16
G7,Comedy & punditry,117,Mary Tyler Moore,15
G7,Comedy & punditry,117,Richard Lewis,15
G7,Comedy & punditry,117,Joe Biden,14
G7,Comedy & punditry,117,Gilda Radner,13
G7,Comedy & punditry,117,Rick Santorum,13
G7,Comedy & punditry,117,Rodney Dangerfield,13
G7,Comedy & punditry,117,Bob Dole,12
G7,Comedy & punditry,117,Carol Burnett,12
G7,Comedy & punditry,117,Dick Gregory,12
G7,Comedy & punditry,117,Jimmy Fallon,12
G7,Comedy & punditry,117,Joe Vitale,12
G7,Comedy & punditry,117,Keith Olbermann,12
G7,Comedy & punditry,117,Lewis Black,12
G7,Comedy & punditry,117,Margaret Cho,12
G7,Comedy & punditry,117,Steve Allen,12
G7,Comedy & punditry,117,Wallace Shawn,12
G7,Comedy & punditry,117,Betty White,11
G7,Comedy & punditry,117,Bruce Lee,11
G7,Comedy & punditry,117,Paul Krugman,10
G7,Comedy & punditry,117,Ray Romano,9
G7,Comedy & punditry,117,Rita Rudner,9
G7,Comedy & punditry,117,Christopher Reeve,8
G7,Comedy & punditry,117,David Brooks,8
G7,Comedy & punditry,117,Jonathan Winters,8
G7,Comedy & punditry,117,Naomi Judd,8
G7,Comedy & punditry,117,Carl Reiner,7
G7,Comedy & punditry,117,Jackie Chan,7
G7,Comedy & punditry,117,Michael Savage,7
G7,Comedy & punditry,117,Peggy Noonan,7
G7,Comedy & punditry,117,Robin Wright,7
G7,Comedy & punditry,117,Roger Ailes,7
G7,Comedy & punditry,117,Ron Paul,7
G7,Comedy & punditry,117,Bill Richardson,6
G7,Comedy & punditry,117,Don Rickles,6
G7,Comedy & punditry,117,Elizabeth Rogers,6
G7,Comedy & punditry,117,George Wallace,6
G7,Comedy & punditry,117,Paul Reiser,6
G7,Comedy & punditry,117,Tiki Barber,6
G7,Comedy & punditry,117,Tim McGraw,6
G7,Comedy & punditry,117,Alan Arkin,5
G7,Comedy & punditry,117,Chuck Norris,5
G7,Comedy & punditry,117,David Graeber,5
G7,Comedy & punditry,117,Mike Huckabee,5
G7,Comedy & punditry,117,Anthony Kiedis,4
G7,Comedy & punditry,117,Bill Hicks,4
G7,Comedy & punditry,117,Chris Matthews,4
G7,Comedy & punditry,117,Drew Barrymore,4
G7,Comedy & punditry,117,Drew Carey,4
G7,Comedy & punditry,117,Lily Tomlin,4
G7,Comedy & punditry,117,Maureen Dowd,4
G7,Comedy & punditry,117,Rick Perlstein,4
G7,Comedy & punditry,117,Ian Spector,3
G7,Comedy & punditry,117,Oliver North,3
G7,Comedy & punditry,117,Ana Marie Cox,2
G7,Comedy & punditry,117,Barbara Mikulski,2
G7,Comedy & punditry,117,Dick Morris,2
G7,Comedy & punditry,117,Edith Head,2
G7,Comedy & punditry,117,Elizabeth Warren,2
G7,Comedy & punditry,117,Estelle Getty,2
G7,Comedy & punditry,117,Hannah Senesh,2
G7,Comedy & punditry,117,James Carville,2
G7,Comedy & punditry,117,Jeffrey Gitomer,2
G7,Comedy & punditry,117,Jenny McCarthy,2
G7,Comedy & punditry,117,John Ashcroft,2
G7,Comedy & punditry,117,John Lithgow,2
G7,Comedy & punditry,117,Jonah Goldberg,2
G7,Comedy & punditry,117,Laura Ingraham,2
G7,Comedy & punditry,117,Lou Dobbs,2
G7,Comedy & punditry,117,Mark Joyner,2
G7,Comedy & punditry,117,Paul Wellstone,2
G7,Comedy & punditry,117,Peter Falk,2
G7,Comedy & punditry,117,Peter Maas,2
G7,Comedy & punditry,117,Rosie O'Donnell,2
G7,Comedy & punditry,117,Rue McClanahan,2
G7,Comedy & punditry,117,Sean Carroll,2
G8,Continental philosophy & theory,109,Albert Camus,356
G8,Continental philosophy & theory,109,Simone de Beauvoir,224
G8,Continental philosophy & theory,109,Walter Benjamin,216
G8,Continental philosophy & theory,109,Jean-Paul Sartre,210
G8,Continental philosophy & theory,109,Jacques Derrida,198
G8,Continental philosophy & theory,109,Hannah Arendt,168
G8,Continental philosophy & theory,109,Roland Barthes,120
G8,Continental philosophy & theory,109,Martin Heidegger,108
G8,Continental philosophy & theory,109,Gilles Deleuze,107
G8,Continental philosophy & theory,109,Nelson Algren,87
G8,Continental philosophy & theory,109,Georges Bataille,70
G8,Continental philosophy & theory,109,Judith Butler,70
G8,Continental philosophy & theory,109,Jacques Lacan,62
G8,Continental philosophy & theory,109,Luce Irigaray,50
G8,Continental philosophy & theory,109,Jean Baudrillard,43
G8,Continental philosophy & theory,109,Arthur Koestler,35
G8,Continental philosophy & theory,109,Maurice Merleau-Ponty,32
G8,Continental philosophy & theory,109,Carl Schmitt,30
G8,Continental philosophy & theory,109,Frantz Fanon,28
G8,Continental philosophy & theory,109,Julia Kristeva,27
G8,Continental philosophy & theory,109,Alain Badiou,26
G8,Continental philosophy & theory,109,Maurice Blanchot,25
G8,Continental philosophy & theory,109,Max Weber,24
G8,Continental philosophy & theory,109,Monique Wittig,22
G8,Continental philosophy & theory,109,Paul De Man,21
G8,Continental philosophy & theory,109,Carol Gilligan,20
G8,Continental philosophy & theory,109,Giorgio Agamben,20
G8,Continental philosophy & theory,109,Guy Debord,20
G8,Continental philosophy & theory,109,George Steiner,18
G8,Continental philosophy & theory,109,Louis Althusser,18
G8,Continental philosophy & theory,109,Raymond Williams,18
G8,Continental philosophy & theory,109,Emmanuel Levinas,17
G8,Continental philosophy & theory,109,Mircea Eliade,17
G8,Continental philosophy & theory,109,Leo Strauss,15
G8,Continental philosophy & theory,109,Fredric Jameson,14
G8,Continental philosophy & theory,109,Ernst Bloch,13
G8,Continental philosophy & theory,109,Henri Michaux,12
G8,Continental philosophy & theory,109,Patricia Hill Collins,12
G8,Continental philosophy & theory,109,Antonio Gramsci,11
G8,Continental philosophy & theory,109,Pierre Bourdieu,11
G8,Continental philosophy & theory,109,Stuart Hall,11
G8,Continental philosophy & theory,109,Shulamith Firestone,10
G8,Continental philosophy & theory,109,Rosa Luxemburg,9
G8,Continental philosophy & theory,109,Gershom Scholem,8
G8,Continental philosophy & theory,109,Henri Lefebvre,8
G8,Continental philosophy & theory,109,Karl Jaspers,8
G8,Continental philosophy & theory,109,Edmund Husserl,7
G8,Continental philosophy & theory,109,Theodor W. Adorno,7
G8,Continental philosophy & theory,109,Georg Simmel,6
G8,Continental philosophy & theory,109,Hans-Georg Gadamer,6
G8,Continental philosophy & theory,109,Pierre Klossowski,6
G8,Continental philosophy & theory,109,Stanislav Grof,6
G8,Continental philosophy & theory,109,Cathy Caruth,5
G8,Continental philosophy & theory,109,Clifford Geertz,5
G8,Continental philosophy & theory,109,Eve Kosofsky Sedgwick,5
G8,Continental philosophy & theory,109,Paul Virilio,5
G8,Continental philosophy & theory,109,Siegfried Kracauer,5
G8,Continental philosophy & theory,109,Alex Grey,4
G8,Continental philosophy & theory,109,Claire Bishop,4
G8,Continental philosophy & theory,109,David Harvey,4
G8,Continental philosophy & theory,109,David Levi Strauss,4
G8,Continental philosophy & theory,109,Ernesto Laclau,4
G8,Continental philosophy & theory,109,Ernst Cassirer,4
G8,Continental philosophy & theory,109,Erving Goffman,4
G8,Continental philosophy & theory,109,Nevill Drury,4
G8,Continental philosophy & theory,109,Niklas Luhmann,4
G8,Continental philosophy & theory,109,Quentin Meillassoux,4
G8,Continental philosophy & theory,109,Rosi Braidotti,4
G8,Continental philosophy & theory,109,Stanley Fish,4
G8,Continental philosophy & theory,109,Joe Meno,3
G8,Continental philosophy & theory,109,Raoul Vaneigem,3
G8,Continental philosophy & theory,109,Angela McRobbie,2
G8,Continental philosophy & theory,109,Anthony Giddens,2
G8,Continental philosophy & theory,109,Beatriz Colomina,2
G8,Continental philosophy & theory,109,Bruno Latour,2
G8,Continental philosophy & theory,109,Chantal Mouffe,2
G8,Continental philosophy & theory,109,Chris Marker,2
G8,Continental philosophy & theory,109,Christian Metz,2
G8,Continental philosophy & theory,109,Ebenezer Howard,2
G8,Continental philosophy & theory,109,Eric Voegelin,2
G8,Continental philosophy & theory,109,Erwin Panofsky,2
G8,Continental philosophy & theory,109,Filippo Tommaso Marinetti,2
G8,Continental philosophy & theory,109,Francesca Woodman,2
G8,Continental philosophy & theory,109,Gayatri Chakravorty Spivak,2
G8,Continental philosophy & theory,109,Graham Harman,2
G8,Continental philosophy & theory,109,Jean-Luc Marion,2
G8,Continental philosophy & theory,109,Jean-Luc Nancy,2
G8,Continental philosophy & theory,109,Jim Powell,2
G8,Continental philosophy & theory,109,Kevin C. Pyle,2
G8,Continental philosophy & theory,109,Marcel Mauss,2
G8,Continental philosophy & theory,109,Mark Lilla,2
G8,Continental philosophy & theory,109,Michael Baxandall,2
G8,Continental philosophy & theory,109,Michael Billig,2
G8,Continental philosophy & theory,109,Michael Hardt,2
G8,Continental philosophy & theory,109,Michael Harner,2
G8,Continental philosophy & theory,109,Michel Leiris,2
G8,Continental philosophy & theory,109,Mihail Sebastian,2
G8,Continental philosophy & theory,109,Nicolas Bourriaud,2
G8,Continental philosophy & theory,109,Paul Gilroy,2
G8,Continental philosophy & theory,109,Ray Brassier,2
G8,Continental philosophy & theory,109,Raymond Aron,2
G8,Continental philosophy & theory,109,Richard Hoggart,2
G8,Continental philosophy & theory,109,Robert Kelly,2
G8,Continental philosophy & theory,109,Roger Caillois,2
G8,Continental philosophy & theory,109,Shoshana Felman,2
G8,Continental philosophy & theory,109,T.J. Demos,2
G8,Continental philosophy & theory,109,Toril Moi,2
G8,Continental philosophy & theory,109,Virginie Despentes,2
G8,Continental philosophy & theory,109,Wolfgang Iser,2
G9,Contemporary romance,108,Nora Roberts,158
G9,Contemporary romance,108,Susan Mallery,145
G9,Contemporary romance,108,Jill Shalvis,116
G9,Contemporary romance,108,Bella Andre,109
G9,Contemporary romance,108,Debbie Macomber,77
G9,Contemporary romance,108,Kristan Higgins,66
G9,Contemporary romance,108,Nicholas Sparks,66
G9,Contemporary romance,108,Susan Wiggs,60
G9,Contemporary romance,108,Robyn Carr,57
G9,Contemporary romance,108,Jodi Picoult,53
G9,Contemporary romance,108,Barbara Freethy,51
G9,Contemporary romance,108,Marie Force,42
G9,Contemporary romance,108,Maya Banks,41
G9,Contemporary romance,108,Rachel Gibson,40
G9,Contemporary romance,108,Susan Elizabeth Phillips,31
G9,Contemporary romance,108,LaVyrle Spencer,29
G9,Contemporary romance,108,Sherryl Woods,28
G9,Contemporary romance,108,Christina Dodd,25
G9,Contemporary romance,108,Danielle Steel,24
G9,Contemporary romance,108,Catherine Coulter,22
G9,Contemporary romance,108,Jackie Collins,22
G9,Contemporary romance,108,Sylvia Day,22
G9,Contemporary romance,108,Kristin Hannah,21
G9,Contemporary romance,108,Sarah Dessen,20
G9,Contemporary romance,108,Deborah Smith,19
G9,Contemporary romance,108,Karen Robards,19
G9,Contemporary romance,108,Donna Kauffman,18
G9,Contemporary romance,108,Barbara O'Neal,15
G9,Contemporary romance,108,Eileen Goudge,15
G9,Contemporary romance,108,Iris Johansen,15
G9,Contemporary romance,108,Jayne Ann Krentz,15
G9,Contemporary romance,108,Elin Hilderbrand,14
G9,Contemporary romance,108,Monica McCarty,14
G9,Contemporary romance,108,Lora Leigh,13
G9,Contemporary romance,108,Amanda Stevens,12
G9,Contemporary romance,108,Christie Ridgway,12
G9,Contemporary romance,108,Georgia Bockoven,12
G9,Contemporary romance,108,Carly Phillips,11
G9,Contemporary romance,108,Gayle Forman,11
G9,Contemporary romance,108,Jenny Han,11
G9,Contemporary romance,108,John Green,11
G9,Contemporary romance,108,L.A. Banks,9
G9,Contemporary romance,108,Victoria Dahl,9
G9,Contemporary romance,108,Kat Martin,8
G9,Contemporary romance,108,Luanne Rice,8
G9,Contemporary romance,108,Nancy Bush,8
G9,Contemporary romance,108,Cindy Gerard,7
G9,Contemporary romance,108,Dorothea Benton Frank,7
G9,Contemporary romance,108,JoAnn Ross,7
G9,Contemporary romance,108,Julie Garwood,7
G9,Contemporary romance,108,Marie Ferrarella,7
G9,Contemporary romance,108,Molly O'Keefe,7
G9,Contemporary romance,108,Jacquie D'Alessandro,6
G9,Contemporary romance,108,Linda Howard,6
G9,Contemporary romance,108,Lori Foster,6
G9,Contemporary romance,108,Shana Galen,6
G9,Contemporary romance,108,Sidney Sheldon,6
G9,Contemporary romance,108,Tanya Michaels,6
G9,Contemporary romance,108,Elizabeth Lowell,5
G9,Contemporary romance,108,Roberta Gellis,5
G9,Contemporary romance,108,Shannon McKenna,5
G9,Contemporary romance,108,Stella Cameron,5
G9,Contemporary romance,108,Barbara Taylor Bradford,4
G9,Contemporary romance,108,Bertrice Small,4
G9,Contemporary romance,108,Beth Kery,4
G9,Contemporary romance,108,Cat Bordhi,4
G9,Contemporary romance,108,Harold Robbins,4
G9,Contemporary romance,108,Jasmine Haynes,4
G9,Contemporary romance,108,Jennifer E. Smith,4
G9,Contemporary romance,108,Joan Medlicott,4
G9,Contemporary romance,108,Lauren Barnholdt,4
G9,Contemporary romance,108,Mary Burton,4
G9,Contemporary romance,108,Peter Pezzelli,4
G9,Contemporary romance,108,Rosalind Noonan,4
G9,Contemporary romance,108,Shayla Black,4
G9,Contemporary romance,108,Susan Andersen,4
G9,Contemporary romance,108,Susane Colasanti,4
G9,Contemporary romance,108,Tina Wainscott,4
G9,Contemporary romance,108,Jay Asher,3
G9,Contemporary romance,108,Robert James Waller,3
G9,Contemporary romance,108,Susan Fox,3
G9,Contemporary romance,108,Victoria Alexander,3
G9,Contemporary romance,108,Ann Budd,2
G9,Contemporary romance,108,Brenda Novak,2
G9,Contemporary romance,108,Carla Neggers,2
G9,Contemporary romance,108,Carolyn Parkhurst,2
G9,Contemporary romance,108,Christina Baker Kline,2
G9,Contemporary romance,108,Deb Caletti,2
G9,Contemporary romance,108,Diane Chamberlain,2
G9,Contemporary romance,108,Elizabeth Boyle,2
G9,Contemporary romance,108,Erich Segal,2
G9,Contemporary romance,108,J.D. Robb,2
G9,Contemporary romance,108,Jeffrey Archer,2
G9,Contemporary romance,108,Jennifer Echols,2
G9,Contemporary romance,108,Jude Deveraux,2
G9,Contemporary romance,108,Lisa Renee Jones,2
G9,Contemporary romance,108,Lori Wilde,2
G9,Contemporary romance,108,Louisa Ermelino,2
G9,Contemporary romance,108,Louise Bagshawe,2
G9,Contemporary romance,108,Maureen Child,2
G9,Contemporary romance,108,Miley Cyrus,2
G9,Contemporary romance,108,Nancy Thayer,2
G9,Contemporary romance,108,Pamela Clare,2
G9,Contemporary romance,108,Paula McLain,2
G9,Contemporary romance,108,Priscilla Gibson-Roberts,2
G9,Contemporary romance,108,Suzanne Brockmann,2
G9,Contemporary romance,108,Tasmina Perry,2
G9,Contemporary romance,108,Tina Leonard,2
G10,Literary & small-press horror,105,Ramsey Campbell,569
G10,Literary & small-press horror,105,Richard Matheson,324
G10,Literary & small-press horror,105,Joe R. Lansdale,276
G10,Literary & small-press horror,105,Peter Straub,267
G10,Literary & small-press horror,105,F. Paul Wilson,221
G10,Literary & small-press horror,105,William F. Nolan,215
G10,Literary & small-press horror,105,Steve Rasnic Tem,182
G10,Literary & small-press horror,105,Thomas Ligotti,144
G10,Literary & small-press horror,105,Nicholas Royle,127
G10,Literary & small-press horror,105,Michael Marshall Smith,123
G10,Literary & small-press horror,105,Kim Newman,119
G10,Literary & small-press horror,105,Richard Christian Matheson,115
G10,Literary & small-press horror,105,David J. Schow,102
G10,Literary & small-press horror,105,Tom Piccirilli,99
G10,Literary & small-press horror,105,Lisa Tuttle,90
G10,Literary & small-press horror,105,Brian Lumley,83
G10,Literary & small-press horror,105,Karl Edward Wagner,81
G10,Literary & small-press horror,105,Laird Barron,81
G10,Literary & small-press horror,105,Dennis Etchison,78
G10,Literary & small-press horror,105,Nancy Kilpatrick,74
G10,Literary & small-press horror,105,Charles Beaumont,73
G10,Literary & small-press horror,105,Thomas F. Monteleone,72
G10,Literary & small-press horror,105,Christopher Fowler,71
G10,Literary & small-press horror,105,Gahan Wilson,67
G10,Literary & small-press horror,105,Charles L. Grant,61
G10,Literary & small-press horror,105,Paul J. McAuley,61
G10,Literary & small-press horror,105,Graham Masterton,59
G10,Literary & small-press horror,105,Melanie Tem,58
G10,Literary & small-press horror,105,Michael Shea,54
G10,Literary & small-press horror,105,Norman Partridge,52
G10,Literary & small-press horror,105,Brian Hodge,51
G10,Literary & small-press horror,105,Brian Stableford,47
G10,Literary & small-press horror,105,Joel Lane,47
G10,Literary & small-press horror,105,Poppy Z. Brite,46
G10,Literary & small-press horror,105,Conrad Williams,44
G10,Literary & small-press horror,105,Darrell Schweitzer,42
G10,Literary & small-press horror,105,Mort Castle,41
G10,Literary & small-press horror,105,David B.,40
G10,Literary & small-press horror,105,Nancy Holder,33
G10,Literary & small-press horror,105,Ardath Mayhar,31
G10,Literary & small-press horror,105,Gregory Frost,30
G10,Literary & small-press horror,105,Donald Tyson,29
G10,Literary & small-press horror,105,Stephen Gallagher,29
G10,Literary & small-press horror,105,Thomas Tessier,28
G10,Literary & small-press horror,105,Don Webb,27
G10,Literary & small-press horror,105,Garry Kilworth,27
G10,Literary & small-press horror,105,Ian Watson,27
G10,Literary & small-press horror,105,James Herbert,24
G10,Literary & small-press horror,105,Robert R. McCammon,24
G10,Literary & small-press horror,105,Whitley Strieber,24
G10,Literary & small-press horror,105,Janet Fox,23
G10,Literary & small-press horror,105,John Langan,23
G10,Literary & small-press horror,105,Yvonne Navarro,21
G10,Literary & small-press horror,105,Chelsea Quinn Yarbro,20
G10,Literary & small-press horror,105,Graham Joyce,20
G10,Literary & small-press horror,105,Jeffrey Thomas,18
G10,Literary & small-press horror,105,Jonathan Carroll,18
G10,Literary & small-press horror,105,Nancy A. Collins,17
G10,Literary & small-press horror,105,Edo Van Belkom,16
G10,Literary & small-press horror,105,Chet Williamson,14
G10,Literary & small-press horror,105,Lois H. Gresh,13
G10,Literary & small-press horror,105,Robert M. Price,13
G10,Literary & small-press horror,105,Guy N. Smith,12
G10,Literary & small-press horror,105,James Miller,12
G10,Literary & small-press horror,105,Katherine Ramsland,12
G10,Literary & small-press horror,105,Mark Samuels,12
G10,Literary & small-press horror,105,Peter Atkins,11
G10,Literary & small-press horror,105,Adrian Cole,10
G10,Literary & small-press horror,105,Jessica Amanda Salmonson,10
G10,Literary & small-press horror,105,Mel Gilden,10
G10,Literary & small-press horror,105,Vincent Bugliosi,10
G10,Literary & small-press horror,105,Richard Dansky,9
G10,Literary & small-press horror,105,Bruce Boston,8
G10,Literary & small-press horror,105,Robert Shearman,8
G10,Literary & small-press horror,105,Stephen Graham Jones,8
G10,Literary & small-press horror,105,E.C. Tubb,7
G10,Literary & small-press horror,105,Charlee Jacob,6
G10,Literary & small-press horror,105,Douglas E. Winter,6
G10,Literary & small-press horror,105,Eric Brown,6
G10,Literary & small-press horror,105,Greg F. Gifune,6
G10,Literary & small-press horror,105,James Robert Smith,6
G10,Literary & small-press horror,105,Karen E. Taylor,6
G10,Literary & small-press horror,105,Mike Davis,6
G10,Literary & small-press horror,105,Stephen Laws,6
G10,Literary & small-press horror,105,Parke Godwin,5
G10,Literary & small-press horror,105,Daphne Gottlieb,4
G10,Literary & small-press horror,105,John Gordon,4
G10,Literary & small-press horror,105,Michael Reaves,4
G10,Literary & small-press horror,105,Richard Bowker,4
G10,Literary & small-press horror,105,Stuart David,4
G10,Literary & small-press horror,105,Brad Strickland,2
G10,Literary & small-press horror,105,Charles R. Saunders,2
G10,Literary & small-press horror,105,Craig Cabell,2
G10,Literary & small-press horror,105,Geoff Nicholson,2
G10,Literary & small-press horror,105,Jack Yeovil,2
G10,Literary & small-press horror,105,James Van Pelt,2
G10,Literary & small-press horror,105,John Farris,2
G10,Literary & small-press horror,105,Kirby McCauley,2
G10,Literary & small-press horror,105,Michael McDowell,2
G10,Literary & small-press horror,105,Muriel Gray,2
G10,Literary & small-press horror,105,Nick Land,2
G10,Literary & small-press horror,105,Scott Mackay,2
G10,Literary & small-press horror,105,Sorche Nic Leodhas,2
G10,Literary & small-press horror,105,Vera Chapman,2
G10,Literary & small-press horror,105,Zoe Whittall,2
G11,American crime: private-eye tradition,104,Elmore Leonard,211
G11,American crime: private-eye tradition,104,Lawrence Block,164
G11,American crime: private-eye tradition,104,Sue Grafton,144
G11,American crime: private-eye tradition,104,Dennis Lehane,131
G11,American crime: private-eye tradition,104,John Lutz,111
G11,American crime: private-eye tradition,104,Ed McBain,108
G11,American crime: private-eye tradition,104,Janet Evanovich,101
G11,American crime: private-eye tradition,104,James Lee Burke,95
G11,American crime: private-eye tradition,104,Mary Higgins Clark,92
G11,American crime: private-eye tradition,104,Carl Hiaasen,91
G11,American crime: private-eye tradition,104,Sara Paretsky,89
G11,American crime: private-eye tradition,104,Ed Gorman,83
G11,American crime: private-eye tradition,104,Robert B. Parker,81
G11,American crime: private-eye tradition,104,Max Allan Collins,79
G11,American crime: private-eye tradition,104,Bill Pronzini,72
G11,American crime: private-eye tradition,104,James Ellroy,72
G11,American crime: private-eye tradition,104,Donald E. Westlake,60
G11,American crime: private-eye tradition,104,Ken Bruen,60
G11,American crime: private-eye tradition,104,Loren D. Estleman,54
G11,American crime: private-eye tradition,104,Walter Mosley,54
G11,American crime: private-eye tradition,104,Laura Lippman,50
G11,American crime: private-eye tradition,104,Tony Hillerman,43
G11,American crime: private-eye tradition,104,Daniel Woodrell,42
G11,American crime: private-eye tradition,104,Jonathan Kellerman,41
G11,American crime: private-eye tradition,104,George Pelecanos,37
G11,American crime: private-eye tradition,104,Nancy Pickard,31
G11,American crime: private-eye tradition,104,Richard Price,26
G11,American crime: private-eye tradition,104,Bill Crider,25
G11,American crime: private-eye tradition,104,Brendan DuBois,25
G11,American crime: private-eye tradition,104,James Crumley,25
G11,American crime: private-eye tradition,104,Sharyn McCrumb,23
G11,American crime: private-eye tradition,104,Tom Franklin,23
G11,American crime: private-eye tradition,104,Dick Francis,22
G11,American crime: private-eye tradition,104,Megan Abbott,22
G11,American crime: private-eye tradition,104,Hank Phillippi Ryan,21
G11,American crime: private-eye tradition,104,George V. Higgins,18
G11,American crime: private-eye tradition,104,Vicki Hendricks,18
G11,American crime: private-eye tradition,104,C.J. Box,17
G11,American crime: private-eye tradition,104,John Connolly,15
G11,American crime: private-eye tradition,104,Tim Dorsey,14
G11,American crime: private-eye tradition,104,Gregg Olsen,13
G11,American crime: private-eye tradition,104,Nevada Barr,12
G11,American crime: private-eye tradition,104,Ace Atkins,11
G11,American crime: private-eye tradition,104,William Kent Krueger,11
G11,American crime: private-eye tradition,104,Brian McGilloway,10
G11,American crime: private-eye tradition,104,Craig Johnson,10
G11,American crime: private-eye tradition,104,Kinky Friedman,10
G11,American crime: private-eye tradition,104,Marcia Muller,10
G11,American crime: private-eye tradition,104,Thomas H. Cook,10
G11,American crime: private-eye tradition,104,Adrian McKinty,9
G11,American crime: private-eye tradition,104,Colin Bateman,9
G11,American crime: private-eye tradition,104,Dan Rhodes,9
G11,American crime: private-eye tradition,104,Arlene Hunt,8
G11,American crime: private-eye tradition,104,Douglas Clegg,8
G11,American crime: private-eye tradition,104,Elizabeth Peters,8
G11,American crime: private-eye tradition,104,Faye Kellerman,8
G11,American crime: private-eye tradition,104,Jason Pinter,8
G11,American crime: private-eye tradition,104,Joseph Wambaugh,8
G11,American crime: private-eye tradition,104,Julie Smith,8
G11,American crime: private-eye tradition,104,Lee Goldberg,7
G11,American crime: private-eye tradition,104,Peter Blauner,7
G11,American crime: private-eye tradition,104,Carol Higgins Clark,6
G11,American crime: private-eye tradition,104,Christine Matthews,6
G11,American crime: private-eye tradition,104,Clint Johnson,6
G11,American crime: private-eye tradition,104,James W. Hall,6
G11,American crime: private-eye tradition,104,Shane Gericke,6
G11,American crime: private-eye tradition,104,Tony Black,6
G11,American crime: private-eye tradition,104,Troy Soos,6
G11,American crime: private-eye tradition,104,Pamela Burford,5
G11,American crime: private-eye tradition,104,P.B. Ryan,5
G11,American crime: private-eye tradition,104,Andrew Vachss,4
G11,American crime: private-eye tradition,104,Barbara Collins,4
G11,American crime: private-eye tradition,104,James Reasoner,4
G11,American crime: private-eye tradition,104,Jason Starr,4
G11,American crime: private-eye tradition,104,Joan Hess,4
G11,American crime: private-eye tradition,104,Lisa Black,4
G11,American crime: private-eye tradition,104,Margaret Coel,4
G11,American crime: private-eye tradition,104,Richard North Patterson,4
G11,American crime: private-eye tradition,104,Robert J. Randisi,4
G11,American crime: private-eye tradition,104,Robin Moore,4
G11,American crime: private-eye tradition,104,Steve Hockensmith,4
G11,American crime: private-eye tradition,104,Valerie Wilson Wesley,4
G11,American crime: private-eye tradition,104,Warren Murphy,4
G11,American crime: private-eye tradition,104,Michael Harvey,3
G11,American crime: private-eye tradition,104,Stephanie Bond,3
G11,American crime: private-eye tradition,104,Stephen Mertz,3
G11,American crime: private-eye tradition,104,Alex Barclay,2
G11,American crime: private-eye tradition,104,Allan Guthrie,2
G11,American crime: private-eye tradition,104,Andrew Klavan,2
G11,American crime: private-eye tradition,104,Ann Rule,2
G11,American crime: private-eye tradition,104,Carl Brookins,2
G11,American crime: private-eye tradition,104,Craig Holden,2
G11,American crime: private-eye tradition,104,Garth Stein,2
G11,American crime: private-eye tradition,104,George Singleton,2
G11,American crime: private-eye tradition,104,Jervey Tervalon,2
G11,American crime: private-eye tradition,104,John Francome,2
G11,American crime: private-eye tradition,104,Laurence Shames,2
G11,American crime: private-eye tradition,104,Libby Fischer Hellmann,2
G11,American crime: private-eye tradition,104,Lisa Lutz,2
G11,American crime: private-eye tradition,104,Parnell Hall,2
G11,American crime: private-eye tradition,104,P.N. Elrod,2
G11,American crime: private-eye tradition,104,Randy Wayne White,2
G11,American crime: private-eye tradition,104,Robert van Gulik,2
G11,American crime: private-eye tradition,104,Scott Smith,2
G12,Golden Age detection,101,Arthur Conan Doyle,779
G12,Golden Age detection,101,Agatha Christie,563
G12,Golden Age detection,101,Dorothy L. Sayers,253
G12,Golden Age detection,101,Ruth Rendell,230
G12,Golden Age detection,101,Patricia Highsmith,182
G12,Golden Age detection,101,Ellery Queen,179
G12,Golden Age detection,101,Wilkie Collins,141
G12,Golden Age detection,101,John Dickson Carr,127
G12,Golden Age detection,101,G.K. Chesterton,117
G12,Golden Age detection,101,Damon Runyon,110
G12,Golden Age detection,101,P.G. Wodehouse,107
G12,Golden Age detection,101,Peter Lovesey,105
G12,Golden Age detection,101,Ngaio Marsh,96
G12,Golden Age detection,101,Margery Allingham,86
G12,Golden Age detection,101,Rex Stout,79
G12,Golden Age detection,101,Stanley Ellin,71
G12,Golden Age detection,101,Robert Barnard,69
G12,Golden Age detection,101,Simon Brett,68
G12,Golden Age detection,101,P.D. James,65
G12,Golden Age detection,101,Georges Simenon,59
G12,Golden Age detection,101,Harry Houdini,57
G12,Golden Age detection,101,Patricia Wentworth,47
G12,Golden Age detection,101,Jacqueline Winspear,45
G12,Golden Age detection,101,Anne Perry,42
G12,Golden Age detection,101,Colin Dexter,38
G12,Golden Age detection,101,Reginald Hill,36
G12,Golden Age detection,101,Nicholas Blake,34
G12,Golden Age detection,101,Charles Todd,32
G12,Golden Age detection,101,John Harvey,29
G12,Golden Age detection,101,Michael Gilbert,28
G12,Golden Age detection,101,Antonia Fraser,27
G12,Golden Age detection,101,Lawrence Sanders,26
G12,Golden Age detection,101,R. Austin Freeman,26
G12,Golden Age detection,101,Charlotte MacLeod,25
G12,Golden Age detection,101,Christianna Brand,25
G12,Golden Age detection,101,H.R.F. Keating,25
G12,Golden Age detection,101,Philip MacDonald,25
G12,Golden Age detection,101,Rhys Bowen,25
G12,Golden Age detection,101,Charles Finch,23
G12,Golden Age detection,101,Gladys Mitchell,23
G12,Golden Age detection,101,M.C. Beaton,23
G12,Golden Age detection,101,Michael Ridpath,23
G12,Golden Age detection,101,Gillian White,22
G12,Golden Age detection,101,Hamilton Crane,22
G12,Golden Age detection,101,Jane Dentinger,22
G12,Golden Age detection,101,Jane Haddam,22
G12,Golden Age detection,101,Jane Langton,22
G12,Golden Age detection,101,Liza Cody,22
G12,Golden Age detection,101,Stuart Palmer,22
G12,Golden Age detection,101,William Bernhardt,22
G12,Golden Age detection,101,Ann Cleeves,20
G12,Golden Age detection,101,Julian Symons,19
G12,Golden Age detection,101,Archie Goodwin,16
G12,Golden Age detection,101,Emmuska Orczy,16
G12,Golden Age detection,101,Martha Grimes,16
G12,Golden Age detection,101,Andrew Taylor,15
G12,Golden Age detection,101,Catherine Aird,15
G12,Golden Age detection,101,Celia Fremlin,12
G12,Golden Age detection,101,Ruth Dudley Edwards,12
G12,Golden Age detection,101,Michael Innes,11
G12,Golden Age detection,101,David Marcum,9
G12,Golden Age detection,101,Amanda Cross,8
G12,Golden Age detection,101,Charlotte Armstrong,8
G12,Golden Age detection,101,Ellis Peters,8
G12,Golden Age detection,101,F. Tennyson Jesse,8
G12,Golden Age detection,101,Freeman Wills Crofts,8
G12,Golden Age detection,101,Barbara Vine,7
G12,Golden Age detection,101,Minette Walters,7
G12,Golden Age detection,101,Daniel D. Victor,6
G12,Golden Age detection,101,Laurie R. King,6
G12,Golden Age detection,101,Margaret Yorke,6
G12,Golden Age detection,101,Patricia Moyes,6
G12,Golden Age detection,101,Anthony Berkeley,4
G12,Golden Age detection,101,Cath Staincliffe,4
G12,Golden Age detection,101,Dorothy B. Hughes,4
G12,Golden Age detection,101,Frances Fyfield,4
G12,Golden Age detection,101,Gabrielle Lord,4
G12,Golden Age detection,101,John Hall,4
G12,Golden Age detection,101,Kerry Greenwood,4
G12,Golden Age detection,101,Lindsey Davis,4
G12,Golden Age detection,101,L.T. Meade,4
G12,Golden Age detection,101,Mary Roberts Rinehart,4
G12,Golden Age detection,101,Susan Moody,4
G12,Golden Age detection,101,William Kalush,4
G12,Golden Age detection,101,Bert Coules,3
G12,Golden Age detection,101,Christopher Morley,2
G12,Golden Age detection,101,Daniel Stashower,2
G12,Golden Age detection,101,Edith Pargeter,2
G12,Golden Age detection,101,Emily Brightwell,2
G12,Golden Age detection,101,Ethel Lina White,2
G12,Golden Age detection,101,James Lovegrove,2
G12,Golden Age detection,101,Janwillem van de Wetering,2
G12,Golden Age detection,101,Jonathan Gash,2
G12,Golden Age detection,101,Josephine Tey,2
G12,Golden Age detection,101,J.S. Fletcher,2
G12,Golden Age detection,101,Kate Ellis,2
G12,Golden Age detection,101,Marele Day,2
G12,Golden Age detection,101,Peter Ratcliffe,2
G12,Golden Age detection,101,Petra Hammesfahr,2
G12,Golden Age detection,101,Richard Lockridge,2
G12,Golden Age detection,101,Robert Goddard,2
G13,Food writing,96,Calvin Trillin,178
G13,Food writing,96,Julia Child,109
G13,Food writing,96,Alice Waters,107
G13,Food writing,96,Anthony Bourdain,86
G13,Food writing,96,Ruth Reichl,75
G13,Food writing,96,M.F.K. Fisher,67
G13,Food writing,96,Mario Batali,60
G13,Food writing,96,Michael Pollan,47
G13,Food writing,96,Bobby Flay,39
G13,Food writing,96,Nigella Lawson,39
G13,Food writing,96,Jamie Oliver,36
G13,Food writing,96,Adam Gopnik,35
G13,Food writing,96,Thomas Keller,32
G13,Food writing,96,John Thorne,29
G13,Food writing,96,Madhur Jaffrey,27
G13,Food writing,96,Rick Bayless,27
G13,Food writing,96,Craig Claiborne,26
G13,Food writing,96,Frank Bruni,26
G13,Food writing,96,Charlie Trotter,25
G13,Food writing,96,Daniel Boulud,25
G13,Food writing,96,Bill Buford,24
G13,Food writing,96,Marcus Samuelsson,21
G13,Food writing,96,Eric Schlosser,20
G13,Food writing,96,Gabrielle Hamilton,20
G13,Food writing,96,Jeffrey Steingarten,20
G13,Food writing,96,Jonathan Gold,20
G13,Food writing,96,Tom Colicchio,20
G13,Food writing,96,Emeril Lagasse,18
G13,Food writing,96,Rachael Ray,18
G13,Food writing,96,Yotam Ottolenghi,16
G13,Food writing,96,Amanda Hesser,15
G13,Food writing,96,Deborah Madison,15
G13,Food writing,96,Elizabeth David,14
G13,Food writing,96,Mark Bittman,14
G13,Food writing,96,Claudia Roden,13
G13,Food writing,96,Eric Ripert,13
G13,Food writing,96,Jane Kramer,13
G13,Food writing,96,Robb Walsh,13
G13,Food writing,96,Guy Fieri,12
G13,Food writing,96,Jason Epstein,12
G13,Food writing,96,Marcella Hazan,12
G13,Food writing,96,Michael Ruhlman,12
G13,Food writing,96,Gordon Ramsay,11
G13,Food writing,96,Heston Blumenthal,11
G13,Food writing,96,Mary Roach,11
G13,Food writing,96,Alan Richman,8
G13,Food writing,96,Clinton Kelly,8
G13,Food writing,96,Daphne Oz,8
G13,Food writing,96,Paula Wolfert,8
G13,Food writing,96,Pierre Franey,7
G13,Food writing,96,Rick Stein,7
G13,Food writing,96,Corby Kummer,6
G13,Food writing,96,Jean-Georges Vongerichten,6
G13,Food writing,96,Karim Rashid,6
G13,Food writing,96,Marco Pierre White,6
G13,Food writing,96,Tara McPherson,6
G13,Food writing,96,Tyler Florence,6
G13,Food writing,96,Mark Kurlansky,5
G13,Food writing,96,Alice Medrich,4
G13,Food writing,96,Barbara Kafka,4
G13,Food writing,96,Brett Martin,4
G13,Food writing,96,Fergus Henderson,4
G13,Food writing,96,Jacqueline Briggs Martin,4
G13,Food writing,96,James Martin,4
G13,Food writing,96,Marion Cunningham,4
G13,Food writing,96,Richard Olney,4
G13,Food writing,96,Richard Preston,4
G13,Food writing,96,Ross Petras,4
G13,Food writing,96,Rowan Jacobsen,4
G13,Food writing,96,Will Allen,4
G13,Food writing,96,Mimi Sheraton,3
G13,Food writing,96,Al Roker,2
G13,Food writing,96,Alton Brown,2
G13,Food writing,96,Anne Willan,2
G13,Food writing,96,Betty Fussell,2
G13,Food writing,96,Connie Schultz,2
G13,Food writing,96,Danny Meyer,2
G13,Food writing,96,David Lebovitz,2
G13,Food writing,96,Delia Smith,2
G13,Food writing,96,Edna Lewis,2
G13,Food writing,96,Gael Greene,2
G13,Food writing,96,Giorgio Locatelli,2
G13,Food writing,96,Ina Garten,2
G13,Food writing,96,Jessica Mitford,2
G13,Food writing,96,J.I. Rodale,2
G13,Food writing,96,Joe Bastianich,2
G13,Food writing,96,Julie Powell,2
G13,Food writing,96,Kathryn Petras,2
G13,Food writing,96,Ken Druse,2
G13,Food writing,96,Laurie Colwin,2
G13,Food writing,96,Mark Pendergrast,2
G13,Food writing,96,Mark Reinfeld,2
G13,Food writing,96,Mollie Katzen,2
G13,Food writing,96,Molly O'Neill,2
G13,Food writing,96,Patricia Wells,2
G13,Food writing,96,Wade Davis,2
G14,The great-books canon,95,Adam Smith,157
G14,The great-books canon,95,Friedrich Nietzsche,156
G14,The great-books canon,95,Matthew Arnold,134
G14,The great-books canon,95,Immanuel Kant,128
G14,The great-books canon,95,John Stuart Mill,118
G14,The great-books canon,95,David Hume,116
G14,The great-books canon,95,Jean-Jacques Rousseau,95
G14,The great-books canon,95,Ludwig Wittgenstein,94
G14,The great-books canon,95,Bertrand Russell,90
G14,The great-books canon,95,John Locke,78
G14,The great-books canon,95,John Maynard Keynes,75
G14,The great-books canon,95,Thomas Carlyle,73
G14,The great-books canon,95,Thomas Hobbes,70
G14,The great-books canon,95,Edmund Burke,67
G14,The great-books canon,95,Alexis de Tocqueville,60
G14,The great-books canon,95,Ayn Rand,57
G14,The great-books canon,95,Jeremy Bentham,45
G14,The great-books canon,95,John Rawls,40
G14,The great-books canon,95,Peter Singer,37
G14,The great-books canon,95,Milton Friedman,33
G14,The great-books canon,95,Herbert Spencer,31
G14,The great-books canon,95,David Ricardo,30
G14,The great-books canon,95,Margaret Mead,25
G14,The great-books canon,95,Alasdair MacIntyre,22
G14,The great-books canon,95,Benjamin Disraeli,22
G14,The great-books canon,95,Alan Greenspan,21
G14,The great-books canon,95,Joseph Schumpeter,21
G14,The great-books canon,95,Hilary Putnam,20
G14,The great-books canon,95,Edward Gibbon,17
G14,The great-books canon,95,Walter Pater,16
G14,The great-books canon,95,Thomas Robert Malthus,14
G14,The great-books canon,95,John Henry Newman,12
G14,The great-books canon,95,Philippa Foot,12
G14,The great-books canon,95,Roger Scruton,12
G14,The great-books canon,95,Robert Nozick,11
G14,The great-books canon,95,A.J. Ayer,10
G14,The great-books canon,95,Auguste Comte,10
G14,The great-books canon,95,George Santayana,10
G14,The great-books canon,95,James Rachels,10
G14,The great-books canon,95,Bernard Williams,9
G14,The great-books canon,95,Joseph de Maistre,9
G14,The great-books canon,95,Ruth Benedict,9
G14,The great-books canon,95,Tom Regan,9
G14,The great-books canon,95,Charles Taylor,8
G14,The great-books canon,95,Donald Davidson,8
G14,The great-books canon,95,George Berkeley,8
G14,The great-books canon,95,Gottlob Frege,8
G14,The great-books canon,95,Karl Popper,8
G14,The great-books canon,95,Amartya Sen,7
G14,The great-books canon,95,Gregory Bateson,7
G14,The great-books canon,95,Ludwig von Mises,7
G14,The great-books canon,95,Alfred North Whitehead,6
G14,The great-books canon,95,Baruch Spinoza,6
G14,The great-books canon,95,Georg Wilhelm Friedrich Hegel,6
G14,The great-books canon,95,John Toland,6
G14,The great-books canon,95,Martha C. Nussbaum,6
G14,The great-books canon,95,Francis Hutcheson,5
G14,The great-books canon,95,Gilbert Ryle,5
G14,The great-books canon,95,Lucius Annaeus Seneca,5
G14,The great-books canon,95,Ludwig Feuerbach,5
G14,The great-books canon,95,Mary Midgley,5
G14,The great-books canon,95,Benedetto Croce,4
G14,The great-books canon,95,Carol J. Adams,4
G14,The great-books canon,95,David Gordon,4
G14,The great-books canon,95,David Mason,4
G14,The great-books canon,95,Eva Hoffman,4
G14,The great-books canon,95,Franz Boas,4
G14,The great-books canon,95,Giambattista Vico,4
G14,The great-books canon,95,J.J.C. Smart,4
G14,The great-books canon,95,John Cottingham,4
G14,The great-books canon,95,Maximilien Robespierre,4
G14,The great-books canon,95,Ronald Dworkin,4
G14,The great-books canon,95,Simon Blackburn,4
G14,The great-books canon,95,Stanley Cavell,4
G14,The great-books canon,95,Thane Rosenbaum,4
G14,The great-books canon,95,Arthur Schopenhauer,3
G14,The great-books canon,95,Imre Lakatos,3
G14,The great-books canon,95,Max Stirner,3
G14,The great-books canon,95,Rudolf Carnap,3
G14,The great-books canon,95,Frans de Waal,2
G14,The great-books canon,95,Henry Hazlitt,2
G14,The great-books canon,95,Huey Long,2
G14,The great-books canon,95,Hugo Grotius,2
G14,The great-books canon,95,James Allen,2
G14,The great-books canon,95,Johann Gottlieb Fichte,2
G14,The great-books canon,95,Marcus Tullius Cicero,2
G14,The great-books canon,95,Michael Smith,2
G14,The great-books canon,95,Moses Maimonides,2
G14,The great-books canon,95,Peter L. Bernstein,2
G14,The great-books canon,95,René Descartes,2
G14,The great-books canon,95,Richard Hofstadter,2
G14,The great-books canon,95,Rosalind Hursthouse,2
G14,The great-books canon,95,Stephen Toulmin,2
G14,The great-books canon,95,Thomas E. Hill,2
G14,The great-books canon,95,Thomas Nagel,2
G15,Golden-age Hollywood,94,Charlie Chaplin,191
G15,Golden-age Hollywood,94,Marlon Brando,185
G15,Golden-age Hollywood,94,Bette Davis,179
G15,Golden-age Hollywood,94,Marlene Dietrich,158
G15,Golden-age Hollywood,94,Laurence Olivier,114
G15,Golden-age Hollywood,94,Lauren Bacall,107
G15,Golden-age Hollywood,94,John Huston,97
G15,Golden-age Hollywood,94,Joan Crawford,91
G15,Golden-age Hollywood,94,Mae West,83
G15,Golden-age Hollywood,94,Elia Kazan,74
G15,Golden-age Hollywood,94,Katharine Hepburn,73
G15,Golden-age Hollywood,94,Ava Gardner,71
G15,Golden-age Hollywood,94,Jane Fonda,66
G15,Golden-age Hollywood,94,Paul Newman,66
G15,Golden-age Hollywood,94,Fred Astaire,62
G15,Golden-age Hollywood,94,Lucille Ball,58
G15,Golden-age Hollywood,94,Billy Wilder,48
G15,Golden-age Hollywood,94,Ingrid Bergman,48
G15,Golden-age Hollywood,94,Rock Hudson,44
G15,Golden-age Hollywood,94,Tallulah Bankhead,43
G15,Golden-age Hollywood,94,John Ford,42
G15,Golden-age Hollywood,94,Sophia Loren,41
G15,Golden-age Hollywood,94,Buster Keaton,36
G15,Golden-age Hollywood,94,Bob Hope,35
G15,Golden-age Hollywood,94,Frank Capra,33
G15,Golden-age Hollywood,94,James Cagney,32
G15,Golden-age Hollywood,94,Ginger Rogers,31
G15,Golden-age Hollywood,94,Tony Curtis,29
G15,Golden-age Hollywood,94,Kirk Douglas,28
G15,Golden-age Hollywood,94,Margaret Mitchell,28
G15,Golden-age Hollywood,94,Lana Turner,27
G15,Golden-age Hollywood,94,Lillian Gish,27
G15,Golden-age Hollywood,94,Michael Caine,24
G15,Golden-age Hollywood,94,Sammy Davis Jr.,23
G15,Golden-age Hollywood,94,Catherine Deneuve,21
G15,Golden-age Hollywood,94,Diana Vreeland,21
G15,Golden-age Hollywood,94,Gloria Swanson,21
G15,Golden-age Hollywood,94,Peter O'Toole,21
G15,Golden-age Hollywood,94,Sidney Poitier,21
G15,Golden-age Hollywood,94,Carrie Fisher,20
G15,Golden-age Hollywood,94,Christian Dior,20
G15,Golden-age Hollywood,94,David O. Selznick,19
G15,Golden-age Hollywood,94,Judi Dench,19
G15,Golden-age Hollywood,94,Jimmy Stewart,17
G15,Golden-age Hollywood,94,Elsa Schiaparelli,15
G15,Golden-age Hollywood,94,James Stewart,15
G15,Golden-age Hollywood,94,Myrna Loy,15
G15,Golden-age Hollywood,94,Joan Collins,14
G15,Golden-age Hollywood,94,Jerry Lewis,12
G15,Golden-age Hollywood,94,Errol Flynn,11
G15,Golden-age Hollywood,94,Kenneth Branagh,11
G15,Golden-age Hollywood,94,Burt Reynolds,10
G15,Golden-age Hollywood,94,Charlton Heston,10
G15,Golden-age Hollywood,94,Eva Le Gallienne,10
G15,Golden-age Hollywood,94,Lee Strasberg,10
G15,Golden-age Hollywood,94,Shirley MacLaine,10
G15,Golden-age Hollywood,94,Jonathan Miller,9
G15,Golden-age Hollywood,94,Stella Adler,9
G15,Golden-age Hollywood,94,Peter Hall,8
G15,Golden-age Hollywood,94,Mickey Rooney,7
G15,Golden-age Hollywood,94,William Powell,7
G15,Golden-age Hollywood,94,David Niven,6
G15,Golden-age Hollywood,94,George Pratt,6
G15,Golden-age Hollywood,94,Joan Fontaine,6
G15,Golden-age Hollywood,94,John Cassavetes,6
G15,Golden-age Hollywood,94,Marion Davies,6
G15,Golden-age Hollywood,94,Maureen O'Hara,6
G15,Golden-age Hollywood,94,Rosalind Russell,6
G15,Golden-age Hollywood,94,Shelley Winters,6
G15,Golden-age Hollywood,94,Cheryl Crane,5
G15,Golden-age Hollywood,94,Julie Harris,5
G15,Golden-age Hollywood,94,Sergei Eisenstein,5
G15,Golden-age Hollywood,94,Audrey Wood,4
G15,Golden-age Hollywood,94,Eddie Fisher,4
G15,Golden-age Hollywood,94,Gene Hackman,4
G15,Golden-age Hollywood,94,Janet Leigh,4
G15,Golden-age Hollywood,94,Ricky Gervais,4
G15,Golden-age Hollywood,94,Turner Classic Movies,4
G15,Golden-age Hollywood,94,Diane Von Furstenberg,3
G15,Golden-age Hollywood,94,Louise Brooks,3
G15,Golden-age Hollywood,94,Percival Everett,3
G15,Golden-age Hollywood,94,Susan Hayward,3
G15,Golden-age Hollywood,94,Ben Stiller,2
G15,Golden-age Hollywood,94,Eartha Kitt,2
G15,Golden-age Hollywood,94,Edward Dmytryk,2
G15,Golden-age Hollywood,94,Erich Maria Remarque,2
G15,Golden-age Hollywood,94,George Hamilton,2
G15,Golden-age Hollywood,94,George Sanders,2
G15,Golden-age Hollywood,94,Julianne Moore,2
G15,Golden-age Hollywood,94,Loni Anderson,2
G15,Golden-age Hollywood,94,Maria Riva,2
G15,Golden-age Hollywood,94,Preston Sturges,2
G15,Golden-age Hollywood,94,Sam Giancana,2
G15,Golden-age Hollywood,94,Uta Hagen,2
G16,New-century SF/fantasy,92,Nancy Kress,275
G16,New-century SF/fantasy,92,Bruce Sterling,205
G16,New-century SF/fantasy,92,Kelly Link,162
G16,New-century SF/fantasy,92,Michael Swanwick,158
G16,New-century SF/fantasy,92,Robert Reed,151
G16,New-century SF/fantasy,92,Elizabeth Bear,141
G16,New-century SF/fantasy,92,Stephen Baxter,137
G16,New-century SF/fantasy,92,Cory Doctorow,136
G16,New-century SF/fantasy,92,James Patrick Kelly,127
G16,New-century SF/fantasy,92,Garth Nix,118
G16,New-century SF/fantasy,92,Jeff VanderMeer,97
G16,New-century SF/fantasy,92,Ian McDonald,94
G16,New-century SF/fantasy,92,Catherynne M. Valente,82
G16,New-century SF/fantasy,92,Jeffrey Ford,82
G16,New-century SF/fantasy,92,Paolo Bacigalupi,82
G16,New-century SF/fantasy,92,Paul McAuley,74
G16,New-century SF/fantasy,92,Rudy Rucker,74
G16,New-century SF/fantasy,92,Holly Black,72
G16,New-century SF/fantasy,92,Joe Abercrombie,71
G16,New-century SF/fantasy,92,Alastair Reynolds,70
G16,New-century SF/fantasy,92,Carrie Vaughn,67
G16,New-century SF/fantasy,92,Kristine Kathryn Rusch,65
G16,New-century SF/fantasy,92,Gwyneth Jones,60
G16,New-century SF/fantasy,92,Jonathan Strahan,55
G16,New-century SF/fantasy,92,Charles Stross,54
G16,New-century SF/fantasy,92,Eileen Gunn,47
G16,New-century SF/fantasy,92,Jay Lake,47
G16,New-century SF/fantasy,92,Greg Egan,44
G16,New-century SF/fantasy,92,Karl Schroeder,42
G16,New-century SF/fantasy,92,Mary Rosenblum,42
G16,New-century SF/fantasy,92,Geoff Ryman,40
G16,New-century SF/fantasy,92,Ellen Klages,37
G16,New-century SF/fantasy,92,Margo Lanagan,36
G16,New-century SF/fantasy,92,Nick Mamatas,34
G16,New-century SF/fantasy,92,Sarah Monette,28
G16,New-century SF/fantasy,92,Allen M. Steele,24
G16,New-century SF/fantasy,92,Damien Broderick,24
G16,New-century SF/fantasy,92,John Scalzi,24
G16,New-century SF/fantasy,92,M. Rickert,24
G16,New-century SF/fantasy,92,John Joseph Adams,23
G16,New-century SF/fantasy,92,Tobias S. Buckell,23
G16,New-century SF/fantasy,92,Daryl Gregory,22
G16,New-century SF/fantasy,92,Kathryn Cramer,21
G16,New-century SF/fantasy,92,Matthew Hughes,21
G16,New-century SF/fantasy,92,Kij Johnson,18
G16,New-century SF/fantasy,92,Marie Brennan,18
G16,New-century SF/fantasy,92,Nnedi Okorafor,18
G16,New-century SF/fantasy,92,Sherwood Smith,18
G16,New-century SF/fantasy,92,Vandana Singh,18
G16,New-century SF/fantasy,92,Nalo Hopkinson,15
G16,New-century SF/fantasy,92,Cherie Priest,14
G16,New-century SF/fantasy,92,Greg Van Eekhout,14
G16,New-century SF/fantasy,92,Jo Walton,14
G16,New-century SF/fantasy,92,Ted Chiang,13
G16,New-century SF/fantasy,92,Paul Park,12
G16,New-century SF/fantasy,92,Sean Williams,12
G16,New-century SF/fantasy,92,Kage Baker,11
G16,New-century SF/fantasy,92,Ken MacLeod,11
G16,New-century SF/fantasy,92,Phyllis Eisenstein,11
G16,New-century SF/fantasy,92,Ian R. MacLeod,10
G16,New-century SF/fantasy,92,Charlie Jane Anders,8
G16,New-century SF/fantasy,92,Paul Tremblay,8
G16,New-century SF/fantasy,92,Richard Kadrey,7
G16,New-century SF/fantasy,92,Christopher Barzak,6
G16,New-century SF/fantasy,92,James Alan Gardner,6
G16,New-century SF/fantasy,92,John Barnes,6
G16,New-century SF/fantasy,92,Neal Asher,6
G16,New-century SF/fantasy,92,Tim Pratt,6
G16,New-century SF/fantasy,92,Charles N. Brown,5
G16,New-century SF/fantasy,92,David G. Hartwell,5
G16,New-century SF/fantasy,92,Houghton Mifflin,5
G16,New-century SF/fantasy,92,Alexander Jablokov,4
G16,New-century SF/fantasy,92,Ann Aguirre,4
G16,New-century SF/fantasy,92,Jack Cady,4
G16,New-century SF/fantasy,92,Linnea Sinclair,4
G16,New-century SF/fantasy,92,Peter F. Hamilton,4
G16,New-century SF/fantasy,92,Peter Watts,4
G16,New-century SF/fantasy,92,Kathryn Wesley,3
G16,New-century SF/fantasy,92,Barrington J. Bayley,2
G16,New-century SF/fantasy,92,Daniel H. Wilson,2
G16,New-century SF/fantasy,92,E.E. Knight,2
G16,New-century SF/fantasy,92,Emma Darcy,2
G16,New-century SF/fantasy,92,Geoffrey A. Landis,2
G16,New-century SF/fantasy,92,Glen Cook,2
G16,New-century SF/fantasy,92,James Frenkel,2
G16,New-century SF/fantasy,92,Julie E. Czerneda,2
G16,New-century SF/fantasy,92,Karin Lowachee,2
G16,New-century SF/fantasy,92,M.T. Anderson,2
G16,New-century SF/fantasy,92,Paul Levinson,2
G16,New-century SF/fantasy,92,Simon Ings,2
G16,New-century SF/fantasy,92,Tony DiTerlizzi,2
G16,New-century SF/fantasy,92,William Alexander,2
G17,Literary SF elders,90,Ursula K. Le Guin,557
G17,Literary SF elders,90,Robert Silverberg,526
G17,Literary SF elders,90,Gene Wolfe,409
G17,Literary SF elders,90,Barry N. Malzberg,378
G17,Literary SF elders,90,Gregory Benford,325
G17,Literary SF elders,90,Joanna Russ,283
G17,Literary SF elders,90,Larry Niven,276
G17,Literary SF elders,90,Mike Resnick,250
G17,Literary SF elders,90,Joe Haldeman,201
G17,Literary SF elders,90,Orson Scott Card,185
G17,Literary SF elders,90,R.A. Lafferty,170
G17,Literary SF elders,90,Carol Emshwiller,168
G17,Literary SF elders,90,Michael Bishop,162
G17,Literary SF elders,90,Kate Wilhelm,156
G17,Literary SF elders,90,John Varley,148
G17,Literary SF elders,90,Harry Turtledove,142
G17,Literary SF elders,90,Greg Bear,139
G17,Literary SF elders,90,Karen Joy Fowler,136
G17,Literary SF elders,90,Connie Willis,134
G17,Literary SF elders,90,Thomas M. Disch,131
G17,Literary SF elders,90,Samuel R. Delany,119
G17,Literary SF elders,90,Kim Stanley Robinson,115
G17,Literary SF elders,90,Kevin J. Anderson,108
G17,Literary SF elders,90,Ben Bova,102
G17,Literary SF elders,90,John Crowley,96
G17,Literary SF elders,90,Edward Bryant,93
G17,Literary SF elders,90,Howard Waldrop,91
G17,Literary SF elders,90,Jack Dann,90
G17,Literary SF elders,90,Pamela Sargent,89
G17,Literary SF elders,90,John Kessel,87
G17,Literary SF elders,90,Vonda N. McIntyre,74
G17,Literary SF elders,90,Octavia E. Butler,70
G17,Literary SF elders,90,James Sallis,68
G17,Literary SF elders,90,Pat Cadigan,62
G17,Literary SF elders,90,Gordon Eklund,60
G17,Literary SF elders,90,George Zebrowski,55
G17,Literary SF elders,90,George Alec Effinger,50
G17,Literary SF elders,90,Jack McDevitt,49
G17,Literary SF elders,90,M. John Harrison,49
G17,Literary SF elders,90,Alan Dean Foster,47
G17,Literary SF elders,90,Robert J. Sawyer,45
G17,Literary SF elders,90,Dean R. Koontz,43
G17,Literary SF elders,90,Richard A. Lupoff,43
G17,Literary SF elders,90,Walter Jon Williams,39
G17,Literary SF elders,90,Kit Reed,35
G17,Literary SF elders,90,Terry Carr,32
G17,Literary SF elders,90,Terry Bisson,30
G17,Literary SF elders,90,Vernor Vinge,30
G17,Literary SF elders,90,James Tiptree Jr.,28
G17,Literary SF elders,90,Eleanor Arnason,26
G17,Literary SF elders,90,Michael Blumlein,24
G17,Literary SF elders,90,David Gerrold,23
G17,Literary SF elders,90,Maureen F. McHugh,20
G17,Literary SF elders,90,F.M. Busby,19
G17,Literary SF elders,90,Alexei Panshin,18
G17,Literary SF elders,90,Andrew J. Offutt,18
G17,Literary SF elders,90,Winston S. Churchill,18
G17,Literary SF elders,90,James Gunn,17
G17,Literary SF elders,90,Catherine Asaro,16
G17,Literary SF elders,90,Thomas N. Scortia,16
G17,Literary SF elders,90,Charles Sheffield,14
G17,Literary SF elders,90,Kathe Koja,13
G17,Literary SF elders,90,Naomi Mitchison,11
G17,Literary SF elders,90,A.A. Attanasio,10
G17,Literary SF elders,90,Dean Ing,10
G17,Literary SF elders,90,John Jakes,10
G17,Literary SF elders,90,Lisa Goldstein,10
G17,Literary SF elders,90,Rachel Pollack,10
G17,Literary SF elders,90,Dave Wolverton,8
G17,Literary SF elders,90,Molly Gloss,8
G17,Literary SF elders,90,Joel Rosenberg,7
G17,Literary SF elders,90,Donald Kingsbury,6
G17,Literary SF elders,90,Stanley Schmidt,6
G17,Literary SF elders,90,Paul Cook,5
G17,Literary SF elders,90,Brian Herbert,4
G17,Literary SF elders,90,Richard Cowper,4
G17,Literary SF elders,90,Suzette Haden Elgin,4
G17,Literary SF elders,90,Barrett Tillman,2
G17,Literary SF elders,90,Chris Roberson,2
G17,Literary SF elders,90,Daniel Keys Moran,2
G17,Literary SF elders,90,David Zindell,2
G17,Literary SF elders,90,James Earl Hardy,2
G17,Literary SF elders,90,John Keene,2
G17,Literary SF elders,90,John M. Ford,2
G17,Literary SF elders,90,Mary K. Greer,2
G17,Literary SF elders,90,Natalie Babbitt,2
G17,Literary SF elders,90,Patricia A. McKillip,2
G17,Literary SF elders,90,Roger Elwood,2
G17,Literary SF elders,90,Sydney J. Van Scyoc,2
G17,Literary SF elders,90,Tony Ballantyne,2
G18,Small-press extreme horror,90,Bram Stoker,888
G18,Small-press extreme horror,90,Jonathan Maberry,202
G18,Small-press extreme horror,90,Gary A. Braunbeck,117
G18,Small-press extreme horror,90,Brian Keene,102
G18,Small-press extreme horror,90,John Shirley,96
G18,Small-press extreme horror,90,Tim Lebbon,90
G18,Small-press extreme horror,90,Edward Lee,83
G18,Small-press extreme horror,90,Tim Waggoner,82
G18,Small-press extreme horror,90,Jeff Strand,70
G18,Small-press extreme horror,90,Elizabeth Massie,62
G18,Small-press extreme horror,90,Joe McKinney,61
G18,Small-press extreme horror,90,Jack Ketchum,57
G18,Small-press extreme horror,90,Ray Garton,55
G18,Small-press extreme horror,90,Richard Chizmar,51
G18,Small-press extreme horror,90,Rick Hautala,51
G18,Small-press extreme horror,90,John Skipp,50
G18,Small-press extreme horror,90,Scott Nicholson,50
G18,Small-press extreme horror,90,Peter Crowther,47
G18,Small-press extreme horror,90,George A. Romero,41
G18,Small-press extreme horror,90,Al Sarrantonio,40
G18,Small-press extreme horror,90,Brian James Freeman,40
G18,Small-press extreme horror,90,Cody Goodfellow,39
G18,Small-press extreme horror,90,Wes Craven,39
G18,Small-press extreme horror,90,Christopher Golden,32
G18,Small-press extreme horror,90,Kealan Patrick Burke,30
G18,Small-press extreme horror,90,James A. Moore,26
G18,Small-press extreme horror,90,Michael Laimo,26
G18,Small-press extreme horror,90,Simon Clark,26
G18,Small-press extreme horror,90,Ed Naha,24
G18,Small-press extreme horror,90,Lucy A. Snyder,24
G18,Small-press extreme horror,90,Bev Vincent,21
G18,Small-press extreme horror,90,John Pelan,20
G18,Small-press extreme horror,90,Kim Paffenroth,19
G18,Small-press extreme horror,90,Ellen Datlow,18
G18,Small-press extreme horror,90,J.F. Gonzalez,16
G18,Small-press extreme horror,90,Tom Holland,15
G18,Small-press extreme horror,90,Mark L. Van Name,14
G18,Small-press extreme horror,90,Carlton Mellick III,12
G18,Small-press extreme horror,90,Nate Kenyon,11
G18,Small-press extreme horror,90,Wrath James White,11
G18,Small-press extreme horror,90,C.J. West,10
G18,Small-press extreme horror,90,David Niall Wilson,10
G18,Small-press extreme horror,90,Ian Graham,10
G18,Small-press extreme horror,90,J. Carson Black,10
G18,Small-press extreme horror,90,Ronald Kelly,10
G18,Small-press extreme horror,90,Vincent Zandri,10
G18,Small-press extreme horror,90,D. Harlan Wilson,9
G18,Small-press extreme horror,90,Frank Chadwick,9
G18,Small-press extreme horror,90,John Cutter,9
G18,Small-press extreme horror,90,John Everson,9
G18,Small-press extreme horror,90,Keith R.A. DeCandido,9
G18,Small-press extreme horror,90,Deborah Leblanc,8
G18,Small-press extreme horror,90,Glen Hirshberg,8
G18,Small-press extreme horror,90,Gord Rollo,8
G18,Small-press extreme horror,90,Bryan Smith,7
G18,Small-press extreme horror,90,David Wellington,7
G18,Small-press extreme horror,90,John Edward,7
G18,Small-press extreme horror,90,Marion Crawford,7
G18,Small-press extreme horror,90,David Dunwoody,6
G18,Small-press extreme horror,90,J.N. Williamson,6
G18,Small-press extreme horror,90,John Russo,6
G18,Small-press extreme horror,90,Ronald Malfi,6
G18,Small-press extreme horror,90,Stephen Jones,6
G18,Small-press extreme horror,90,Tamara Thorne,6
G18,Small-press extreme horror,90,Alan M. Clark,5
G18,Small-press extreme horror,90,James Van Praagh,5
G18,Small-press extreme horror,90,Kevin L. Donihe,5
G18,Small-press extreme horror,90,Andersen Prunty,4
G18,Small-press extreme horror,90,Brett McBean,4
G18,Small-press extreme horror,90,Brian Freeman,4
G18,Small-press extreme horror,90,David Liss,4
G18,Small-press extreme horror,90,Robert W. Walker,4
G18,Small-press extreme horror,90,Sarah Langan,4
G18,Small-press extreme horror,90,Suzy McKee Charnas,4
G18,Small-press extreme horror,90,Sylvia Browne,4
G18,Small-press extreme horror,90,Tim Curran,4
G18,Small-press extreme horror,90,William Meikle,4
G18,Small-press extreme horror,90,Alethea Kontis,2
G18,Small-press extreme horror,90,Cole Younger,2
G18,Small-press extreme horror,90,Gail Z. Martin,2
G18,Small-press extreme horror,90,George Turner,2
G18,Small-press extreme horror,90,Jeremy Robert Johnson,2
G18,Small-press extreme horror,90,John O'Brien,2
G18,Small-press extreme horror,90,John Wesley Hardin,2
G18,Small-press extreme horror,90,Lee Thomas,2
G18,Small-press extreme horror,90,Mykle Hansen,2
G18,Small-press extreme horror,90,Sabine Baring-Gould,2
G18,Small-press extreme horror,90,Simon Wood,2
G18,Small-press extreme horror,90,Stephen Knight,2
G18,Small-press extreme horror,90,Wayne Simmons,2
G19,Popular science & public intellectuals,87,Stephen Hawking,75
G19,Popular science & public intellectuals,87,Christopher Hitchens,71
G19,Popular science & public intellectuals,87,Stephen Jay Gould,64
G19,Popular science & public intellectuals,87,Noam Chomsky,59
G19,Popular science & public intellectuals,87,Carl Sagan,54
G19,Popular science & public intellectuals,87,Edward O. Wilson,46
G19,Popular science & public intellectuals,87,Roger Penrose,41
G19,Popular science & public intellectuals,87,Sam Harris,41
G19,Popular science & public intellectuals,87,Steven Weinberg,37
G19,Popular science & public intellectuals,87,Steven Pinker,36
G19,Popular science & public intellectuals,87,Francis Crick,34
G19,Popular science & public intellectuals,87,Studs Terkel,31
G19,Popular science & public intellectuals,87,Howard Zinn,28
G19,Popular science & public intellectuals,87,James Watson,28
G19,Popular science & public intellectuals,87,Ilya Prigogine,23
G19,Popular science & public intellectuals,87,Isaiah Berlin,23
G19,Popular science & public intellectuals,87,John D. Barrow,22
G19,Popular science & public intellectuals,87,Luigi Luca Cavalli-Sforza,22
G19,Popular science & public intellectuals,87,Richard P. Feynman,22
G19,Popular science & public intellectuals,87,Rita Levi-Montalcini,22
G19,Popular science & public intellectuals,87,Daniel C. Dennett,21
G19,Popular science & public intellectuals,87,Albert Schweitzer,18
G19,Popular science & public intellectuals,87,Freeman Dyson,17
G19,Popular science & public intellectuals,87,Nassim Nicholas Taleb,14
G19,Popular science & public intellectuals,87,Murray Gell-Mann,13
G19,Popular science & public intellectuals,87,Kevin Kelly,12
G19,Popular science & public intellectuals,87,Linus Pauling,12
G19,Popular science & public intellectuals,87,Michael Parenti,12
G19,Popular science & public intellectuals,87,Riane Eisler,12
G19,Popular science & public intellectuals,87,Naomi Klein,11
G19,Popular science & public intellectuals,87,Helen Fisher,10
G19,Popular science & public intellectuals,87,Steven Johnson,10
G19,Popular science & public intellectuals,87,Werner Heisenberg,9
G19,Popular science & public intellectuals,87,Jim Marrs,8
G19,Popular science & public intellectuals,87,Matt Ridley,8
G19,Popular science & public intellectuals,87,Sydney Schanberg,8
G19,Popular science & public intellectuals,87,J. Craig Venter,7
G19,Popular science & public intellectuals,87,Brian Greene,6
G19,Popular science & public intellectuals,87,Chris Anderson,6
G19,Popular science & public intellectuals,87,Douglas Rushkoff,6
G19,Popular science & public intellectuals,87,Eric Hobsbawm,6
G19,Popular science & public intellectuals,87,James Randi,6
G19,Popular science & public intellectuals,87,Julian Dibbell,6
G19,Popular science & public intellectuals,87,Paul Berman,6
G19,Popular science & public intellectuals,87,Robert Coles,6
G19,Popular science & public intellectuals,87,Lynn Margulis,5
G19,Popular science & public intellectuals,87,Alan Guth,4
G19,Popular science & public intellectuals,87,David Cecil,4
G19,Popular science & public intellectuals,87,David Maraniss,4
G19,Popular science & public intellectuals,87,Farhad Manjoo,4
G19,Popular science & public intellectuals,87,Jeffrey Goldberg,4
G19,Popular science & public intellectuals,87,Leonard Susskind,4
G19,Popular science & public intellectuals,87,Lewis Thomas,4
G19,Popular science & public intellectuals,87,Mary Catherine Bateson,4
G19,Popular science & public intellectuals,87,Michael Shermer,4
G19,Popular science & public intellectuals,87,Nicholas Carr,4
G19,Popular science & public intellectuals,87,Ray Kurzweil,4
G19,Popular science & public intellectuals,87,Sherry Turkle,4
G19,Popular science & public intellectuals,87,Susan Blackmore,4
G19,Popular science & public intellectuals,87,Tariq Ali,4
G19,Popular science & public intellectuals,87,Alexander Cockburn,2
G19,Popular science & public intellectuals,87,Christof Koch,2
G19,Popular science & public intellectuals,87,Claire Berlinski,2
G19,Popular science & public intellectuals,87,Colin McGinn,2
G19,Popular science & public intellectuals,87,Dave Isay,2
G19,Popular science & public intellectuals,87,David Bohm,2
G19,Popular science & public intellectuals,87,Edward S. Herman,2
G19,Popular science & public intellectuals,87,Enrico Fermi,2
G19,Popular science & public intellectuals,87,Erik H. Erikson,2
G19,Popular science & public intellectuals,87,Frank Wilczek,2
G19,Popular science & public intellectuals,87,Fred Hoyle,2
G19,Popular science & public intellectuals,87,George Dyson,2
G19,Popular science & public intellectuals,87,George Smoot,2
G19,Popular science & public intellectuals,87,Hans Moravec,2
G19,Popular science & public intellectuals,87,Jean Shinoda Bolen,2
G19,Popular science & public intellectuals,87,Kay Redfield Jamison,2
G19,Popular science & public intellectuals,87,Marvin Minsky,2
G19,Popular science & public intellectuals,87,Max Born,2
G19,Popular science & public intellectuals,87,Michael Eric Dyson,2
G19,Popular science & public intellectuals,87,Michael Oakeshott,2
G19,Popular science & public intellectuals,87,Norman Cousins,2
G19,Popular science & public intellectuals,87,Peter Medawar,2
G19,Popular science & public intellectuals,87,Rebecca Solnit,2
G19,Popular science & public intellectuals,87,Richard C. Lewontin,2
G19,Popular science & public intellectuals,87,Tim Wise,2
G19,Popular science & public intellectuals,87,Todd Gitlin,2
G19,Popular science & public intellectuals,87,Yochai Benkler,2
G20,Golden Age SF,85,Fritz Leiber,646
G20,Golden Age SF,85,Poul Anderson,554
G20,Golden Age SF,85,Isaac Asimov,548
G20,Golden Age SF,85,Theodore Sturgeon,510
G20,Golden Age SF,85,Arthur C. Clarke,494
G20,Golden Age SF,85,Robert Sheckley,425
G20,Golden Age SF,85,Frederik Pohl,377
G20,Golden Age SF,85,Damon Knight,353
G20,Golden Age SF,85,Henry Kuttner,303
G20,Golden Age SF,85,Roger Zelazny,292
G20,Golden Age SF,85,Robert A. Heinlein,267
G20,Golden Age SF,85,Alfred Bester,262
G20,Golden Age SF,85,Fredric Brown,248
G20,Golden Age SF,85,Avram Davidson,239
G20,Golden Age SF,85,Clifford D. Simak,225
G20,Golden Age SF,85,Brian W. Aldiss,189
G20,Golden Age SF,85,Murray Leinster,189
G20,Golden Age SF,85,James Blish,186
G20,Golden Age SF,85,Cordwainer Smith,174
G20,Golden Age SF,85,Jack Vance,174
G20,Golden Age SF,85,Lester del Rey,171
G20,Golden Age SF,85,L. Sprague de Camp,165
G20,Golden Age SF,85,Eric Frank Russell,123
G20,Golden Age SF,85,Algis Budrys,119
G20,Golden Age SF,85,Zenna Henderson,115
G20,Golden Age SF,85,J.G. Ballard,113
G20,Golden Age SF,85,C.M. Kornbluth,108
G20,Golden Age SF,85,Harry Harrison,100
G20,Golden Age SF,85,Jack Williamson,100
G20,Golden Age SF,85,Edmond Hamilton,99
G20,Golden Age SF,85,Anthony Boucher,97
G20,Golden Age SF,85,John Wyndham,95
G20,Golden Age SF,85,Gordon R. Dickson,93
G20,Golden Age SF,85,Martin H. Greenberg,88
G20,Golden Age SF,85,James H. Schmitz,86
G20,Golden Age SF,85,Edgar Pangborn,83
G20,Golden Age SF,85,Jack Finney,83
G20,Golden Age SF,85,C.L. Moore,80
G20,Golden Age SF,85,John Brunner,68
G20,Golden Age SF,85,Keith Laumer,68
G20,Golden Age SF,85,Bob Shaw,59
G20,Golden Age SF,85,A.E. van Vogt,57
G20,Golden Age SF,85,Leigh Brackett,54
G20,Golden Age SF,85,Frank Herbert,53
G20,Golden Age SF,85,Norman Spinrad,45
G20,Golden Age SF,85,H. Beam Piper,41
G20,Golden Age SF,85,Ward Moore,37
G20,Golden Age SF,85,A. Bertram Chandler,33
G20,Golden Age SF,85,Mark Clifton,33
G20,Golden Age SF,85,Evelyn E. Smith,27
G20,Golden Age SF,85,Martin Gardner,27
G20,Golden Age SF,85,Robert Arthur,26
G20,Golden Age SF,85,Chad Oliver,25
G20,Golden Age SF,85,John Gregory Betancourt,25
G20,Golden Age SF,85,Fred Saberhagen,22
G20,Golden Age SF,85,Randall Garrett,21
G20,Golden Age SF,85,Stephen Goldin,20
G20,Golden Age SF,85,Frank M. Robinson,19
G20,Golden Age SF,85,Keith Roberts,17
G20,Golden Age SF,85,Howard Fast,15
G20,Golden Age SF,85,Stanley G. Weinbaum,15
G20,Golden Age SF,85,Michael G. Coney,13
G20,Golden Age SF,85,Raymond F. Jones,13
G20,Golden Age SF,85,Richard McKenna,13
G20,Golden Age SF,85,Alan E. Nourse,10
G20,Golden Age SF,85,Norman Kagan,10
G20,Golden Age SF,85,Robert Moore,10
G20,Golden Age SF,85,Hal Clement,8
G20,Golden Age SF,85,James E. Gunn,8
G20,Golden Age SF,85,Gary Jennings,6
G20,Golden Age SF,85,Gerald Kersh,6
G20,Golden Age SF,85,Joel Townsley Rogers,6
G20,Golden Age SF,85,Peter Tate,6
G20,Golden Age SF,85,Wilmar H. Shiras,4
G20,Golden Age SF,85,Alvin Toffler,2
G20,Golden Age SF,85,Byron Preiss,2
G20,Golden Age SF,85,Christopher Anvil,2
G20,Golden Age SF,85,Edward E. Smith,2
G20,Golden Age SF,85,Jack Womack,2
G20,Golden Age SF,85,Kurt Vonnegut Jr.,2
G20,Golden Age SF,85,Lillian Stewart Carl,2
G20,Golden Age SF,85,Patricia Anthony,2
G20,Golden Age SF,85,Raymond J. Healy,2
G20,Golden Age SF,85,Robert Wolff,2
G20,Golden Age SF,85,Todd Grimson,2
G21,Mythic & anthology fantasy,84,Tanith Lee,214
G21,Mythic & anthology fantasy,84,Charles de Lint,188
G21,Mythic & anthology fantasy,84,Anne McCaffrey,179
G21,Mythic & anthology fantasy,84,Jane Yolen,173
G21,Mythic & anthology fantasy,84,Lucius Shepard,173
G21,Mythic & anthology fantasy,84,Marion Zimmer Bradley,161
G21,Mythic & anthology fantasy,84,Paul Di Filippo,138
G21,Mythic & anthology fantasy,84,Pat Murphy,112
G21,Mythic & anthology fantasy,84,Elizabeth Hand,83
G21,Mythic & anthology fantasy,84,Mercedes Lackey,81
G21,Mythic & anthology fantasy,84,Peter S. Beagle,73
G21,Mythic & anthology fantasy,84,Laurell K. Hamilton,69
G21,Mythic & anthology fantasy,84,Diana L. Paxson,58
G21,Mythic & anthology fantasy,84,Nina Kiriki Hoffman,53
G21,Mythic & anthology fantasy,84,Esther M. Friesner,51
G21,Mythic & anthology fantasy,84,Andre Norton,49
G21,Mythic & anthology fantasy,84,Emma Bull,49
G21,Mythic & anthology fantasy,84,Jennifer Roberson,49
G21,Mythic & anthology fantasy,84,Paul Doherty,47
G21,Mythic & anthology fantasy,84,Michelle West,46
G21,Mythic & anthology fantasy,84,Marc Laidlaw,43
G21,Mythic & anthology fantasy,84,C.J. Cherryh,38
G21,Mythic & anthology fantasy,84,Jody Lynn Nye,36
G21,Mythic & anthology fantasy,84,Pauline J. Alama,32
G21,Mythic & anthology fantasy,84,Michael H. Payne,30
G21,Mythic & anthology fantasy,84,Janet Morris,28
G21,Mythic & anthology fantasy,84,Jean Rabe,21
G21,Mythic & anthology fantasy,84,Judith Tarr,21
G21,Mythic & anthology fantasy,84,Tanya Huff,21
G21,Mythic & anthology fantasy,84,Dean Wesley Smith,19
G21,Mythic & anthology fantasy,84,Robin Wayne Bailey,19
G21,Mythic & anthology fantasy,84,Nancy Springer,18
G21,Mythic & anthology fantasy,84,Rosemary Edghill,17
G21,Mythic & anthology fantasy,84,David J. Skal,16
G21,Mythic & anthology fantasy,84,J. Patrick Lewis,16
G21,Mythic & anthology fantasy,84,Rob Chilson,16
G21,Mythic & anthology fantasy,84,Bill Fawcett,14
G21,Mythic & anthology fantasy,84,Carole Nelson Douglas,12
G21,Mythic & anthology fantasy,84,Jerry Oltion,12
G21,Mythic & anthology fantasy,84,Mickey Zucker Reichert,12
G21,Mythic & anthology fantasy,84,Joan D. Vinge,10
G21,Mythic & anthology fantasy,84,Katherine Kurtz,10
G21,Mythic & anthology fantasy,84,Louise Marley,10
G21,Mythic & anthology fantasy,84,Marilyn Singer,10
G21,Mythic & anthology fantasy,84,Margaret Weis,9
G21,Mythic & anthology fantasy,84,Rebecca Kai Dotlich,9
G21,Mythic & anthology fantasy,84,Steven Brust,9
G21,Mythic & anthology fantasy,84,Diane Duane,8
G21,Mythic & anthology fantasy,84,Fiona Patton,8
G21,Mythic & anthology fantasy,84,Gary Gygax,8
G21,Mythic & anthology fantasy,84,John Helfers,8
G21,Mythic & anthology fantasy,84,Michaela Roessner,8
G21,Mythic & anthology fantasy,84,Morgan Llywelyn,8
G21,Mythic & anthology fantasy,84,Steve Perry,8
G21,Mythic & anthology fantasy,84,Timothy Zahn,8
G21,Mythic & anthology fantasy,84,Sean McMullen,7
G21,Mythic & anthology fantasy,84,Tracy Hickman,7
G21,Mythic & anthology fantasy,84,Aaron Rosenberg,6
G21,Mythic & anthology fantasy,84,Gerald Hausman,6
G21,Mythic & anthology fantasy,84,Jane Moore,6
G21,Mythic & anthology fantasy,84,Leonard Carpenter,6
G21,Mythic & anthology fantasy,84,Naomi Kritzer,6
G21,Mythic & anthology fantasy,84,Ray Vukcevich,6
G21,Mythic & anthology fantasy,84,Robert Charles Wilson,6
G21,Mythic & anthology fantasy,84,Alice Schertle,5
G21,Mythic & anthology fantasy,84,Bruce Coville,5
G21,Mythic & anthology fantasy,84,Barbara Hambly,4
G21,Mythic & anthology fantasy,84,Bradley Denton,4
G21,Mythic & anthology fantasy,84,Chris Moriarty,4
G21,Mythic & anthology fantasy,84,David Bischoff,4
G21,Mythic & anthology fantasy,84,Elisabeth Waters,4
G21,Mythic & anthology fantasy,84,Ilana Fox,4
G21,Mythic & anthology fantasy,84,John Meaney,4
G21,Mythic & anthology fantasy,84,Robert Thurston,4
G21,Mythic & anthology fantasy,84,Roisin Meaney,4
G21,Mythic & anthology fantasy,84,Susan Palwick,4
G21,Mythic & anthology fantasy,84,Adam Stemple,2
G21,Mythic & anthology fantasy,84,Alma Flor Ada,2
G21,Mythic & anthology fantasy,84,Christopher Stasheff,2
G21,Mythic & anthology fantasy,84,Joyce Sidman,2
G21,Mythic & anthology fantasy,84,Michael A. Stackpole,2
G21,Mythic & anthology fantasy,84,Phyllis Ann Karr,2
G21,Mythic & anthology fantasy,84,Terri Windling,2
G21,Mythic & anthology fantasy,84,Will Shetterly,2
G22,Civil-rights & inspirational memoir,83,Helen Keller,144
G22,Civil-rights & inspirational memoir,83,Gloria Steinem,108
G22,Civil-rights & inspirational memoir,83,Thomas Paine,92
G22,Civil-rights & inspirational memoir,83,Rosa Parks,88
G22,Civil-rights & inspirational memoir,83,Alexander Hamilton,78
G22,Civil-rights & inspirational memoir,83,Margaret Sanger,76
G22,Civil-rights & inspirational memoir,83,James Madison,72
G22,Civil-rights & inspirational memoir,83,Jane Goodall,69
G22,Civil-rights & inspirational memoir,83,Sojourner Truth,69
G22,Civil-rights & inspirational memoir,83,Emma Goldman,66
G22,Civil-rights & inspirational memoir,83,Amelia Earhart,65
G22,Civil-rights & inspirational memoir,83,Anne Frank,64
G22,Civil-rights & inspirational memoir,83,Elizabeth Cady Stanton,55
G22,Civil-rights & inspirational memoir,83,Betty Friedan,52
G22,Civil-rights & inspirational memoir,83,Phillis Wheatley,39
G22,Civil-rights & inspirational memoir,83,Clarence Thomas,37
G22,Civil-rights & inspirational memoir,83,Jane Addams,33
G22,Civil-rights & inspirational memoir,83,Abigail Adams,32
G22,Civil-rights & inspirational memoir,83,Annie Oakley,30
G22,Civil-rights & inspirational memoir,83,Anita Hill,23
G22,Civil-rights & inspirational memoir,83,Katharine Graham,21
G22,Civil-rights & inspirational memoir,83,Sandra Day O'Connor,20
G22,Civil-rights & inspirational memoir,83,Hillary Rodham Clinton,19
G22,Civil-rights & inspirational memoir,83,John Marshall,17
G22,Civil-rights & inspirational memoir,83,B.F. Skinner,16
G22,Civil-rights & inspirational memoir,83,Dian Fossey,16
G22,Civil-rights & inspirational memoir,83,Calamity Jane,13
G22,Civil-rights & inspirational memoir,83,Barbara Walters,12
G22,Civil-rights & inspirational memoir,83,Jacques Monod,12
G22,Civil-rights & inspirational memoir,83,John Reed,11
G22,Civil-rights & inspirational memoir,83,Alexander Berkman,10
G22,Civil-rights & inspirational memoir,83,Antonin Scalia,10
G22,Civil-rights & inspirational memoir,83,Mary Pipher,10
G22,Civil-rights & inspirational memoir,83,Robert Morris,10
G22,Civil-rights & inspirational memoir,83,Temple Grandin,10
G22,Civil-rights & inspirational memoir,83,Alfred Adler,8
G22,Civil-rights & inspirational memoir,83,Brooke Shields,8
G22,Civil-rights & inspirational memoir,83,Corliss Lamont,8
G22,Civil-rights & inspirational memoir,83,Gunnar Myrdal,8
G22,Civil-rights & inspirational memoir,83,John Ross,8
G22,Civil-rights & inspirational memoir,83,Anne Morrow Lindbergh,7
G22,Civil-rights & inspirational memoir,83,Eve Ensler,7
G22,Civil-rights & inspirational memoir,83,Germaine Greer,7
G22,Civil-rights & inspirational memoir,83,Melanie Klein,6
G22,Civil-rights & inspirational memoir,83,Paul Graham,6
G22,Civil-rights & inspirational memoir,83,Etty Hillesum,5
G22,Civil-rights & inspirational memoir,83,James Wilson,5
G22,Civil-rights & inspirational memoir,83,Robert Smithson,5
G22,Civil-rights & inspirational memoir,83,Sam Adams,5
G22,Civil-rights & inspirational memoir,83,Alan Alda,4
G22,Civil-rights & inspirational memoir,83,Anna Freud,4
G22,Civil-rights & inspirational memoir,83,Anne Frank House,4
G22,Civil-rights & inspirational memoir,83,Helen Gurley Brown,4
G22,Civil-rights & inspirational memoir,83,Ingrid Newkirk,4
G22,Civil-rights & inspirational memoir,83,Ivan Pavlov,4
G22,Civil-rights & inspirational memoir,83,John Roberts,4
G22,Civil-rights & inspirational memoir,83,Kate Millett,4
G22,Civil-rights & inspirational memoir,83,Shelby Steele,4
G22,Civil-rights & inspirational memoir,83,William O. Douglas,4
G22,Civil-rights & inspirational memoir,83,Barbara McKinney,3
G22,Civil-rights & inspirational memoir,83,Ellen Craft,3
G22,Civil-rights & inspirational memoir,83,Ruby Bridges,3
G22,Civil-rights & inspirational memoir,83,Albert Ellis,2
G22,Civil-rights & inspirational memoir,83,Amy Goodman,2
G22,Civil-rights & inspirational memoir,83,Bethany Hamilton,2
G22,Civil-rights & inspirational memoir,83,Bill Haywood,2
G22,Civil-rights & inspirational memoir,83,Cesar Millan,2
G22,Civil-rights & inspirational memoir,83,Cynthia Moss,2
G22,Civil-rights & inspirational memoir,83,Freedom Writers,2
G22,Civil-rights & inspirational memoir,83,Helen Thomas,2
G22,Civil-rights & inspirational memoir,83,Isabella Rossellini,2
G22,Civil-rights & inspirational memoir,83,James Otis,2
G22,Civil-rights & inspirational memoir,83,Joseph Plumb Martin,2
G22,Civil-rights & inspirational memoir,83,Joy Adamson,2
G22,Civil-rights & inspirational memoir,83,Karla Jay,2
G22,Civil-rights & inspirational memoir,83,Liz Smith,2
G22,Civil-rights & inspirational memoir,83,Miep Gies,2
G22,Civil-rights & inspirational memoir,83,Phyllis Schlafly,2
G22,Civil-rights & inspirational memoir,83,Robert Wright,2
G22,Civil-rights & inspirational memoir,83,Roger Williams,2
G22,Civil-rights & inspirational memoir,83,Ron Jeffries,2
G22,Civil-rights & inspirational memoir,83,Rudolf Dreikurs,2
G22,Civil-rights & inspirational memoir,83,Scott Gray,2
G23,Nature & environmental writing,83,Annie Dillard,202
G23,Nature & environmental writing,83,Rachel Carson,190
G23,Nature & environmental writing,83,John Muir,145
G23,Nature & environmental writing,83,Wendell Berry,135
G23,Nature & environmental writing,83,Terry Tempest Williams,110
G23,Nature & environmental writing,83,Barbara Kingsolver,100
G23,Nature & environmental writing,83,Rick Bass,90
G23,Nature & environmental writing,83,Barry Lopez,87
G23,Nature & environmental writing,83,Edward Abbey,72
G23,Nature & environmental writing,83,Kathleen Norris,58
G23,Nature & environmental writing,83,John McPhee,55
G23,Nature & environmental writing,83,Aldo Leopold,50
G23,Nature & environmental writing,83,Peter Matthiessen,49
G23,Nature & environmental writing,83,Wallace Stegner,48
G23,Nature & environmental writing,83,Pam Houston,46
G23,Nature & environmental writing,83,Jon Krakauer,42
G23,Nature & environmental writing,83,Jim Harrison,40
G23,Nature & environmental writing,83,Bill McKibben,38
G23,Nature & environmental writing,83,Mary Gordon,36
G23,Nature & environmental writing,83,Thomas McGuane,33
G23,Nature & environmental writing,83,Ann Patchett,25
G23,Nature & environmental writing,83,David Quammen,25
G23,Nature & environmental writing,83,Diane Ackerman,23
G23,Nature & environmental writing,83,Scott Russell Sanders,19
G23,Nature & environmental writing,83,Susan Griffin,18
G23,Nature & environmental writing,83,Sebastian Junger,16
G23,Nature & environmental writing,83,David Petersen,15
G23,Nature & environmental writing,83,Gretel Ehrlich,15
G23,Nature & environmental writing,83,Mark Jenkins,13
G23,Nature & environmental writing,83,Dan O'Brien,12
G23,Nature & environmental writing,83,David Rains Wallace,12
G23,Nature & environmental writing,83,John Daniel,12
G23,Nature & environmental writing,83,Patricia Hampl,12
G23,Nature & environmental writing,83,Julia Butterfly Hill,11
G23,Nature & environmental writing,83,William Kittredge,11
G23,Nature & environmental writing,83,Peter Maass,10
G23,Nature & environmental writing,83,Bob Shacochis,8
G23,Nature & environmental writing,83,Loren Eiseley,8
G23,Nature & environmental writing,83,Robin Morgan,8
G23,Nature & environmental writing,83,Wes Jackson,8
G23,Nature & environmental writing,83,Alexander von Humboldt,7
G23,Nature & environmental writing,83,David Brower,7
G23,Nature & environmental writing,83,Kent Nelson,6
G23,Nature & environmental writing,83,Marjory Stoneman Douglas,6
G23,Nature & environmental writing,83,Ron Hansen,6
G23,Nature & environmental writing,83,Scott Cairns,6
G23,Nature & environmental writing,83,Bernard DeVoto,5
G23,Nature & environmental writing,83,Jayne Anne Phillips,5
G23,Nature & environmental writing,83,William Bartram,5
G23,Nature & environmental writing,83,Amy Irvine,4
G23,Nature & environmental writing,83,Craig Childs,4
G23,Nature & environmental writing,83,David Roberts,4
G23,Nature & environmental writing,83,Helena Norberg-Hodge,4
G23,Nature & environmental writing,83,Ivan Doig,4
G23,Nature & environmental writing,83,Jonathan Raban,4
G23,Nature & environmental writing,83,Luci Shaw,4
G23,Nature & environmental writing,83,Ruth Stone,4
G23,Nature & environmental writing,83,Vandana Shiva,4
G23,Nature & environmental writing,83,Anna Botsford Comstock,2
G23,Nature & environmental writing,83,Bernd Heinrich,2
G23,Nature & environmental writing,83,Derrick Jensen,2
G23,Nature & environmental writing,83,Doug Peacock,2
G23,Nature & environmental writing,83,Ed McClanahan,2
G23,Nature & environmental writing,83,Emily Raboteau,2
G23,Nature & environmental writing,83,Greg Child,2
G23,Nature & environmental writing,83,Hampton Sides,2
G23,Nature & environmental writing,83,Howard Norman,2
G23,Nature & environmental writing,83,James Galvin,2
G23,Nature & environmental writing,83,Jane Shapiro,2
G23,Nature & environmental writing,83,John Wesley Powell,2
G23,Nature & environmental writing,83,Kathleen Dean Moore,2
G23,Nature & environmental writing,83,Laura Pritchett,2
G23,Nature & environmental writing,83,Linda Greenlaw,2
G23,Nature & environmental writing,83,Mary Clearman Blew,2
G23,Nature & environmental writing,83,Meredith Hall,2
G23,Nature & environmental writing,83,Michael Grunwald,2
G23,Nature & environmental writing,83,Norman Maclean,2
G23,Nature & environmental writing,83,Richard Ellis,2
G23,Nature & environmental writing,83,Richard Heinberg,2
G23,Nature & environmental writing,83,Robert Kurson,2
G23,Nature & environmental writing,83,Sy Montgomery,2
G23,Nature & environmental writing,83,Tracy Kidder,2
G23,Nature & environmental writing,83,Yvon Chouinard,2
G24,Alternative/literary comics,81,Art Spiegelman,179
G24,Alternative/literary comics,81,Chris Ware,110
G24,Alternative/literary comics,81,Daniel Clowes,65
G24,Alternative/literary comics,81,Gary Panter,61
G24,Alternative/literary comics,81,Joe Sacco,58
G24,Alternative/literary comics,81,Charles Burns,54
G24,Alternative/literary comics,81,Robert Crumb,53
G24,Alternative/literary comics,81,Kim Deitch,48
G24,Alternative/literary comics,81,Edward Gorey,46
G24,Alternative/literary comics,81,Lynda Barry,40
G24,Alternative/literary comics,81,Adrian Tomine,32
G24,Alternative/literary comics,81,Ben Katchor,31
G24,Alternative/literary comics,81,David Heatley,27
G24,Alternative/literary comics,81,Chester Brown,26
G24,Alternative/literary comics,81,Chip Kidd,22
G24,Alternative/literary comics,81,Patrick O'Brian,22
G24,Alternative/literary comics,81,Charles Addams,21
G24,Alternative/literary comics,81,Gabrielle Bell,21
G24,Alternative/literary comics,81,Jim Woodring,20
G24,Alternative/literary comics,81,Ivan Brunetti,19
G24,Alternative/literary comics,81,Mark Newgarden,19
G24,Alternative/literary comics,81,Paul Hornschemeier,19
G24,Alternative/literary comics,81,Roz Chast,19
G24,Alternative/literary comics,81,Denis Kitchen,18
G24,Alternative/literary comics,81,Alison Bechdel,14
G24,Alternative/literary comics,81,Anders Nilsen,14
G24,Alternative/literary comics,81,Carl Barks,13
G24,Alternative/literary comics,81,Harvey Pekar,13
G24,Alternative/literary comics,81,Jeffrey Brown,13
G24,Alternative/literary comics,81,Richard Sala,13
G24,Alternative/literary comics,81,Scott McCloud,12
G24,Alternative/literary comics,81,Tony Millionaire,12
G24,Alternative/literary comics,81,Dan Kennedy,11
G24,Alternative/literary comics,81,Jillian Tamaki,11
G24,Alternative/literary comics,81,Trina Robbins,11
G24,Alternative/literary comics,81,Brock Clarke,10
G24,Alternative/literary comics,81,Debbie Drechsler,10
G24,Alternative/literary comics,81,Eleanor Davis,10
G24,Alternative/literary comics,81,Gilbert Shelton,10
G24,Alternative/literary comics,81,Kate Christensen,10
G24,Alternative/literary comics,81,Spain Rodriguez,10
G24,Alternative/literary comics,81,Wendy McClure,10
G24,Alternative/literary comics,81,Dash Shaw,9
G24,Alternative/literary comics,81,James Sturm,8
G24,Alternative/literary comics,81,Jessica Abel,8
G24,Alternative/literary comics,81,Peter Kuper,8
G24,Alternative/literary comics,81,Rick Geary,8
G24,Alternative/literary comics,81,Marjane Satrapi,7
G24,Alternative/literary comics,81,Peter Bagge,7
G24,Alternative/literary comics,81,Phoebe Gloeckner,7
G24,Alternative/literary comics,81,E.C. Segar,6
G24,Alternative/literary comics,81,John Porcellino,6
G24,Alternative/literary comics,81,Jordan Crane,6
G24,Alternative/literary comics,81,Julie Doucet,6
G24,Alternative/literary comics,81,Matt Madden,6
G24,Alternative/literary comics,81,Sabrina Jones,6
G24,Alternative/literary comics,81,Yoshihiro Tatsumi,5
G24,Alternative/literary comics,81,Basil Wolverton,4
G24,Alternative/literary comics,81,C.S. Forester,4
G24,Alternative/literary comics,81,David Guterson,4
G24,Alternative/literary comics,81,Eric Drooker,4
G24,Alternative/literary comics,81,Kevin Huizenga,4
G24,Alternative/literary comics,81,Maira Kalman,4
G24,Alternative/literary comics,81,Matt Groening,4
G24,Alternative/literary comics,81,Milt Gross,4
G24,Alternative/literary comics,81,Sue Coe,4
G24,Alternative/literary comics,81,Kentaro Miura,3
G24,Alternative/literary comics,81,Camille Rose Garcia,2
G24,Alternative/literary comics,81,Emmanuel Guibert,2
G24,Alternative/literary comics,81,Jack Cole,2
G24,Alternative/literary comics,81,James Jean,2
G24,Alternative/literary comics,81,Joe Brainard,2
G24,Alternative/literary comics,81,Joe Matt,2
G24,Alternative/literary comics,81,John Stanley,2
G24,Alternative/literary comics,81,Megan Kelso,2
G24,Alternative/literary comics,81,Michael Kupperman,2
G24,Alternative/literary comics,81,Paul Gravett,2
G24,Alternative/literary comics,81,R. Kikuo Johnson,2
G24,Alternative/literary comics,81,Roger Sabin,2
G24,Alternative/literary comics,81,Thomas Cochrane,2
G24,Alternative/literary comics,81,Walt Kelly,2
G25,Humor & memoir-essay,80,David Sedaris,188
G25,Humor & memoir-essay,80,Garrison Keillor,122
G25,Humor & memoir-essay,80,Dave Barry,102
G25,Humor & memoir-essay,80,Ian Frazier,61
G25,Humor & memoir-essay,80,John Irving,47
G25,Humor & memoir-essay,80,Erma Bombeck,43
G25,Humor & memoir-essay,80,Frank McCourt,42
G25,Humor & memoir-essay,80,Mary Karr,41
G25,Humor & memoir-essay,80,Wells Tower,38
G25,Humor & memoir-essay,80,Anne Lamott,37
G25,Humor & memoir-essay,80,Atul Gawande,37
G25,Humor & memoir-essay,80,Augusten Burroughs,37
G25,Humor & memoir-essay,80,Oliver Sacks,32
G25,Humor & memoir-essay,80,Anna Quindlen,31
G25,Humor & memoir-essay,80,Russell Baker,27
G25,Humor & memoir-essay,80,Mitch Albom,22
G25,Humor & memoir-essay,80,P.J. O'Rourke,22
G25,Humor & memoir-essay,80,Bryan Burrough,20
G25,Humor & memoir-essay,80,David Grann,20
G25,Humor & memoir-essay,80,Fareed Zakaria,20
G25,Humor & memoir-essay,80,Sheri Fink,19
G25,Humor & memoir-essay,80,Jean Shepherd,18
G25,Humor & memoir-essay,80,Mike Sager,18
G25,Humor & memoir-essay,80,Tom Carson,18
G25,Humor & memoir-essay,80,Christopher Buckley,15
G25,Humor & memoir-essay,80,Natalie Angier,14
G25,Humor & memoir-essay,80,Alain de Botton,13
G25,Humor & memoir-essay,80,Diane Johnson,12
G25,Humor & memoir-essay,80,John Noble Wilford,12
G25,Humor & memoir-essay,80,Peter De Vries,12
G25,Humor & memoir-essay,80,Frank Rich,11
G25,Humor & memoir-essay,80,Spalding Gray,11
G25,Humor & memoir-essay,80,Sloane Crosley,10
G25,Humor & memoir-essay,80,Thomas L. Friedman,10
G25,Humor & memoir-essay,80,William Safire,9
G25,Humor & memoir-essay,80,Jerome Groopman,8
G25,Humor & memoir-essay,80,Julie Cannon,8
G25,Humor & memoir-essay,80,Jeannette Walls,7
G25,Humor & memoir-essay,80,Abigail Thomas,6
G25,Humor & memoir-essay,80,Chelsea Handler,6
G25,Humor & memoir-essay,80,Elizabeth Kolbert,6
G25,Humor & memoir-essay,80,Laurie Notaro,6
G25,Humor & memoir-essay,80,Marian Wright Edelman,6
G25,Humor & memoir-essay,80,Paula Poundstone,6
G25,Humor & memoir-essay,80,Ira Glass,5
G25,Humor & memoir-essay,80,Tucker Max,5
G25,Humor & memoir-essay,80,Dan Savage,4
G25,Humor & memoir-essay,80,Delia Ephron,4
G25,Humor & memoir-essay,80,Dominique Browning,4
G25,Humor & memoir-essay,80,Gail Collins,4
G25,Humor & memoir-essay,80,Gina Kolata,4
G25,Humor & memoir-essay,80,Howard Stern,4
G25,Humor & memoir-essay,80,Jill Bolte Taylor,4
G25,Humor & memoir-essay,80,Jon Meacham,4
G25,Humor & memoir-essay,80,Karin Gillespie,4
G25,Humor & memoir-essay,80,Simon Schama,4
G25,Humor & memoir-essay,80,Timothy Ferris,4
G25,Humor & memoir-essay,80,Bailey White,3
G25,Humor & memoir-essay,80,Donald Miller,3
G25,Humor & memoir-essay,80,Alan Lightman,2
G25,Humor & memoir-essay,80,Amy Dickinson,2
G25,Humor & memoir-essay,80,Bernard Lewis,2
G25,Humor & memoir-essay,80,Candice Bergen,2
G25,Humor & memoir-essay,80,Daniel H. Pink,2
G25,Humor & memoir-essay,80,Danielle Ofri,2
G25,Humor & memoir-essay,80,Dennis Overbye,2
G25,Humor & memoir-essay,80,James Herriot,2
G25,Humor & memoir-essay,80,Jean Kerr,2
G25,Humor & memoir-essay,80,Jenny Allen,2
G25,Humor & memoir-essay,80,John Robison,2
G25,Humor & memoir-essay,80,Ken Robinson,2
G25,Humor & memoir-essay,80,Linda Ellerbee,2
G25,Humor & memoir-essay,80,Linda Greenhouse,2
G25,Humor & memoir-essay,80,Mo Rocca,2
G25,Humor & memoir-essay,80,Nicholas Wade,2
G25,Humor & memoir-essay,80,Nuala O'Faolain,2
G25,Humor & memoir-essay,80,Paul Rudnick,2
G25,Humor & memoir-essay,80,Rachel Naomi Remen,2
G25,Humor & memoir-essay,80,Simon Rich,2
G25,Humor & memoir-essay,80,Walter Kirn,2
G26,Art & photography,77,Frida Kahlo,144
G26,Art & photography,77,Henri Cartier-Bresson,125
G26,Art & photography,77,Richard Avedon,106
G26,Art & photography,77,Diego Rivera,104
G26,Art & photography,77,Georgia O'Keeffe,104
G26,Art & photography,77,Helmut Newton,100
G26,Art & photography,77,Walker Evans,85
G26,Art & photography,77,Edward Steichen,78
G26,Art & photography,77,David Hockney,77
G26,Art & photography,77,Annie Leibovitz,76
G26,Art & photography,77,Leon Trotsky,72
G26,Art & photography,77,Alfred Stieglitz,71
G26,Art & photography,77,Diane Arbus,71
G26,Art & photography,77,Cindy Sherman,67
G26,Art & photography,77,Robert Frank,66
G26,Art & photography,77,Robert Mapplethorpe,59
G26,Art & photography,77,Ansel Adams,53
G26,Art & photography,77,Nan Goldin,50
G26,Art & photography,77,Robert Capa,49
G26,Art & photography,77,Kate Moss,41
G26,Art & photography,77,Mario Testino,39
G26,Art & photography,77,Edward Weston,32
G26,Art & photography,77,Gordon Parks,31
G26,Art & photography,77,Matthew Barney,28
G26,Art & photography,77,Damien Hirst,27
G26,Art & photography,77,William Eggleston,27
G26,Art & photography,77,Louise Bourgeois,23
G26,Art & photography,77,Hamish Bowles,21
G26,Art & photography,77,Sophie Calle,21
G26,Art & photography,77,Elliott Erwitt,20
G26,Art & photography,77,Peter Lindbergh,17
G26,Art & photography,77,William Wegman,17
G26,Art & photography,77,Eve Arnold,16
G26,Art & photography,77,Martin Parr,16
G26,Art & photography,77,Larry Clark,15
G26,Art & photography,77,Garry Winogrand,14
G26,Art & photography,77,David Lachapelle,13
G26,Art & photography,77,Emily Carr,13
G26,Art & photography,77,J. Paul Getty,13
G26,Art & photography,77,Lee Friedlander,13
G26,Art & photography,77,Philippe Halsman,13
G26,Art & photography,77,Takashi Murakami,13
G26,Art & photography,77,Stephen Shore,12
G26,Art & photography,77,Terry Richardson,12
G26,Art & photography,77,Bert Stern,11
G26,Art & photography,77,Bruce Davidson,11
G26,Art & photography,77,Joel Sternfeld,10
G26,Art & photography,77,Sofia Coppola,10
G26,Art & photography,77,Tim Walker,10
G26,Art & photography,77,Alec Soth,8
G26,Art & photography,77,Jacob Lawrence,8
G26,Art & photography,77,Gerhard Richter,6
G26,Art & photography,77,Kara Walker,6
G26,Art & photography,77,Peter Blake,5
G26,Art & photography,77,Tracey Emin,5
G26,Art & photography,77,Yoshitomo Nara,5
G26,Art & photography,77,Annie Sprinkle,4
G26,Art & photography,77,Christy Turlington,4
G26,Art & photography,77,Eric Boman,4
G26,Art & photography,77,Nick Knight,4
G26,Art & photography,77,Saul Leiter,4
G26,Art & photography,77,Pierre Assouline,3
G26,Art & photography,77,Bill Owens,2
G26,Art & photography,77,Eliot Porter,2
G26,Art & photography,77,Jan Saudek,2
G26,Art & photography,77,Janice Dickinson,2
G26,Art & photography,77,John Szarkowski,2
G26,Art & photography,77,Jonas Mekas,2
G26,Art & photography,77,Karen Finley,2
G26,Art & photography,77,Laure Adler,2
G26,Art & photography,77,Mark Cohen,2
G26,Art & photography,77,Robert Storr,2
G26,Art & photography,77,Russell Lee,2
G26,Art & photography,77,Sam Taylor,2
G26,Art & photography,77,Timothy Morton,2
G26,Art & photography,77,Vladimir Lenin,2
G26,Art & photography,77,Xavier Villaurrutia,2
G27,The Black canon,74,Langston Hughes,1173
G27,The Black canon,74,Toni Morrison,673
G27,The Black canon,74,Alice Walker,558
G27,The Black canon,74,Gwendolyn Brooks,348
G27,The Black canon,74,Zora Neale Hurston,344
G27,The Black canon,74,Frederick Douglass,294
G27,The Black canon,74,Maya Angelou,284
G27,The Black canon,74,Amiri Baraka,176
G27,The Black canon,74,Nikki Giovanni,133
G27,The Black canon,74,James Weldon Johnson,108
G27,The Black canon,74,Sonia Sanchez,102
G27,The Black canon,74,Audre Lorde,85
G27,The Black canon,74,W.E.B. Du Bois,73
G27,The Black canon,74,Booker T. Washington,64
G27,The Black canon,74,Claude McKay,62
G27,The Black canon,74,June Jordan,59
G27,The Black canon,74,Ntozake Shange,57
G27,The Black canon,74,Paul Laurence Dunbar,54
G27,The Black canon,74,Toni Cade Bambara,53
G27,The Black canon,74,Coretta Scott King,42
G27,The Black canon,74,Marcus Garvey,38
G27,The Black canon,74,Jean Toomer,32
G27,The Black canon,74,Terry McMillan,29
G27,The Black canon,74,Paule Marshall,23
G27,The Black canon,74,Spike Lee,23
G27,The Black canon,74,Nella Larsen,20
G27,The Black canon,74,Ann Petry,18
G27,The Black canon,74,Ishmael Reed,17
G27,The Black canon,74,Ida B. Wells-Barnett,16
G27,The Black canon,74,Cornel West,15
G27,The Black canon,74,John Steptoe,15
G27,The Black canon,74,Wallace Thurman,15
G27,The Black canon,74,Dorothy West,13
G27,The Black canon,74,Paul Robeson,13
G27,The Black canon,74,Nat Turner,12
G27,The Black canon,74,Cornelius Eady,10
G27,The Black canon,74,Margaret Walker,10
G27,The Black canon,74,Arna Bontemps,9
G27,The Black canon,74,Mary Daly,9
G27,The Black canon,74,Patti LaBelle,8
G27,The Black canon,74,Shirley Chisholm,7
G27,The Black canon,74,Manning Marable,6
G27,The Black canon,74,Pearl Cleage,6
G27,The Black canon,74,Theodore Taylor,6
G27,The Black canon,74,Andrea Dworkin,5
G27,The Black canon,74,David Walker,5
G27,The Black canon,74,Rita Williams-Garcia,5
G27,The Black canon,74,Sherley Anne Williams,5
G27,The Black canon,74,Anna Julia Cooper,4
G27,The Black canon,74,Henry Louis Gates Jr.,4
G27,The Black canon,74,J. California Cooper,4
G27,The Black canon,74,Mumia Abu-Jamal,4
G27,The Black canon,74,Bebe Moore Campbell,3
G27,The Black canon,74,Eric Jerome Dickey,3
G27,The Black canon,74,Ama Ata Aidoo,2
G27,The Black canon,74,Barbara Smith,2
G27,The Black canon,74,Billie Jean King,2
G27,The Black canon,74,Carla Kaplan,2
G27,The Black canon,74,Chris Hedges,2
G27,The Black canon,74,Cokie Roberts,2
G27,The Black canon,74,Dudley Randall,2
G27,The Black canon,74,Faith Ringgold,2
G27,The Black canon,74,George S. Schuyler,2
G27,The Black canon,74,Gerry Duggan,2
G27,The Black canon,74,John Stauffer,2
G27,The Black canon,74,Julie Dash,2
G27,The Black canon,74,Kwame Nkrumah,2
G27,The Black canon,74,Mary B. Morrison,2
G27,The Black canon,74,Natalie Cole,2
G27,The Black canon,74,Paul Beatty,2
G27,The Black canon,74,Ray Robinson,2
G27,The Black canon,74,Reginald Hudlin,2
G27,The Black canon,74,Saul Williams,2
G27,The Black canon,74,William Melvin Kelley,2
G28,Baseball (+ wrestling),74,Willie Mays,74
G28,Baseball (+ wrestling),74,Mickey Mantle,68
G28,Baseball (+ wrestling),74,Ted Williams,68
G28,Baseball (+ wrestling),74,Hank Aaron,67
G28,Baseball (+ wrestling),74,Yogi Berra,64
G28,Baseball (+ wrestling),74,Derek Jeter,50
G28,Baseball (+ wrestling),74,Ty Cobb,46
G28,Baseball (+ wrestling),74,Tom Brokaw,29
G28,Baseball (+ wrestling),74,Pete Rose,28
G28,Baseball (+ wrestling),74,Billy Martin,24
G28,Baseball (+ wrestling),74,Ric Flair,24
G28,Baseball (+ wrestling),74,Frank Deford,23
G28,Baseball (+ wrestling),74,Bill Veeck,22
G28,Baseball (+ wrestling),74,Bob Costas,22
G28,Baseball (+ wrestling),74,Shawn Michaels,22
G28,Baseball (+ wrestling),74,Steve Austin,21
G28,Baseball (+ wrestling),74,Hulk Hogan,20
G28,Baseball (+ wrestling),74,Joe Torre,20
G28,Baseball (+ wrestling),74,Roy Blount Jr.,20
G28,Baseball (+ wrestling),74,Joe Jackson,19
G28,Baseball (+ wrestling),74,Christy Mathewson,18
G28,Baseball (+ wrestling),74,Michael Lewis,18
G28,Baseball (+ wrestling),74,Ted Turner,17
G28,Baseball (+ wrestling),74,Bob Gibson,15
G28,Baseball (+ wrestling),74,Walter Johnson,15
G28,Baseball (+ wrestling),74,Doris Kearns Goodwin,14
G28,Baseball (+ wrestling),74,David McCullough,13
G28,Baseball (+ wrestling),74,Leigh Montville,12
G28,Baseball (+ wrestling),74,Dan Rather,11
G28,Baseball (+ wrestling),74,Katie Couric,11
G28,Baseball (+ wrestling),74,Howard Bryant,10
G28,Baseball (+ wrestling),74,Jim Bouton,10
G28,Baseball (+ wrestling),74,Walter Cronkite,10
G28,Baseball (+ wrestling),74,Chris Jericho,8
G28,Baseball (+ wrestling),74,James Bradley,8
G28,Baseball (+ wrestling),74,Melissa Fay Greene,8
G28,Baseball (+ wrestling),74,Nolan Ryan,8
G28,Baseball (+ wrestling),74,Tom Piazza,8
G28,Baseball (+ wrestling),74,Triple H,8
G28,Baseball (+ wrestling),74,Bill Simmons,6
G28,Baseball (+ wrestling),74,Cal Ripken Jr.,6
G28,Baseball (+ wrestling),74,Dan Shaughnessy,6
G28,Baseball (+ wrestling),74,George Stephanopoulos,6
G28,Baseball (+ wrestling),74,Joe McNally,6
G28,Baseball (+ wrestling),74,Bret Hart,5
G28,Baseball (+ wrestling),74,Earl Weaver,5
G28,Baseball (+ wrestling),74,Mike Schmidt,5
G28,Baseball (+ wrestling),74,Carl Yastrzemski,4
G28,Baseball (+ wrestling),74,Douglas Brinkley,4
G28,Baseball (+ wrestling),74,Dusty Rhodes,4
G28,Baseball (+ wrestling),74,Joe Morgan,4
G28,Baseball (+ wrestling),74,Jonathan Eig,4
G28,Baseball (+ wrestling),74,Mark Henry,4
G28,Baseball (+ wrestling),74,Matt Hardy,4
G28,Baseball (+ wrestling),74,Rick Reilly,4
G28,Baseball (+ wrestling),74,Jim Palmer,3
G28,Baseball (+ wrestling),74,Paul O'Neill,3
G28,Baseball (+ wrestling),74,Bill Goldberg,2
G28,Baseball (+ wrestling),74,Bobby Murcer,2
G28,Baseball (+ wrestling),74,Brian Williams,2
G28,Baseball (+ wrestling),74,Buck O'Neil,2
G28,Baseball (+ wrestling),74,David Ortiz,2
G28,Baseball (+ wrestling),74,David Wells,2
G28,Baseball (+ wrestling),74,Gail Sheehy,2
G28,Baseball (+ wrestling),74,Jesse Ventura,2
G28,Baseball (+ wrestling),74,Jim Brosnan,2
G28,Baseball (+ wrestling),74,Lawrence Wright,2
G28,Baseball (+ wrestling),74,Pat Jordan,2
G28,Baseball (+ wrestling),74,Paul Begala,2
G28,Baseball (+ wrestling),74,Robert Dallek,2
G28,Baseball (+ wrestling),74,Roger Kahn,2
G28,Baseball (+ wrestling),74,Sparky Lyle,2
G28,Baseball (+ wrestling),74,Tim Kurkjian,2
G28,Baseball (+ wrestling),74,Tim Russert,2
G29,Postmodern & maximalist fiction,72,Don DeLillo,252
G29,Postmodern & maximalist fiction,72,David Foster Wallace,227
G29,Postmodern & maximalist fiction,72,Jonathan Franzen,160
G29,Postmodern & maximalist fiction,72,Rick Moody,147
G29,Postmodern & maximalist fiction,72,Michael Chabon,128
G29,Postmodern & maximalist fiction,72,Thomas Pynchon,127
G29,Postmodern & maximalist fiction,72,Zadie Smith,117
G29,Postmodern & maximalist fiction,72,Paul Auster,108
G29,Postmodern & maximalist fiction,72,Marilynne Robinson,90
G29,Postmodern & maximalist fiction,72,Nick Hornby,88
G29,Postmodern & maximalist fiction,72,Robert Coover,72
G29,Postmodern & maximalist fiction,72,Gary Shteyngart,61
G29,Postmodern & maximalist fiction,72,William T. Vollmann,52
G29,Postmodern & maximalist fiction,72,Jonathan Safran Foer,51
G29,Postmodern & maximalist fiction,72,Heidi Julavits,46
G29,Postmodern & maximalist fiction,72,Michael Cunningham,45
G29,Postmodern & maximalist fiction,72,Tom Perrotta,42
G29,Postmodern & maximalist fiction,72,Jeffrey Eugenides,40
G29,Postmodern & maximalist fiction,72,Lev Grossman,39
G29,Postmodern & maximalist fiction,72,Yiyun Li,39
G29,Postmodern & maximalist fiction,72,Rikki Ducornet,37
G29,Postmodern & maximalist fiction,72,Donna Tartt,31
G29,Postmodern & maximalist fiction,72,Khaled Hosseini,27
G29,Postmodern & maximalist fiction,72,Richard Powers,27
G29,Postmodern & maximalist fiction,72,Aleksandar Hemon,25
G29,Postmodern & maximalist fiction,72,Alexander Theroux,23
G29,Postmodern & maximalist fiction,72,Alice Sebold,22
G29,Postmodern & maximalist fiction,72,Carole Maso,21
G29,Postmodern & maximalist fiction,72,Claire Messud,21
G29,Postmodern & maximalist fiction,72,John Barth,21
G29,Postmodern & maximalist fiction,72,Edward P. Jones,20
G29,Postmodern & maximalist fiction,72,Jonathan Tropper,20
G29,Postmodern & maximalist fiction,72,Joanna Scott,18
G29,Postmodern & maximalist fiction,72,Ann Cummins,17
G29,Postmodern & maximalist fiction,72,Jerry Stahl,17
G29,Postmodern & maximalist fiction,72,Susan Minot,17
G29,Postmodern & maximalist fiction,72,Louise Penny,16
G29,Postmodern & maximalist fiction,72,Nicole Krauss,15
G29,Postmodern & maximalist fiction,72,Maggie Estep,14
G29,Postmodern & maximalist fiction,72,Nell Freudenberger,14
G29,Postmodern & maximalist fiction,72,Katherine Dunn,11
G29,Postmodern & maximalist fiction,72,William H. Gass,11
G29,Postmodern & maximalist fiction,72,David Bezmozgis,10
G29,Postmodern & maximalist fiction,72,Scott Phillips,9
G29,Postmodern & maximalist fiction,72,Christopher Sorrentino,8
G29,Postmodern & maximalist fiction,72,Kate Atkinson,8
G29,Postmodern & maximalist fiction,72,Ruth Galloway,8
G29,Postmodern & maximalist fiction,72,Daniel Handler,7
G29,Postmodern & maximalist fiction,72,Tony Parsons,7
G29,Postmodern & maximalist fiction,72,Graham Swift,6
G29,Postmodern & maximalist fiction,72,Harry Nelson,6
G29,Postmodern & maximalist fiction,72,Steve Tomasula,6
G29,Postmodern & maximalist fiction,72,Walter Abish,6
G29,Postmodern & maximalist fiction,72,William Gaddis,6
G29,Postmodern & maximalist fiction,72,Z.Z. Packer,6
G29,Postmodern & maximalist fiction,72,Mark Leyner,4
G29,Postmodern & maximalist fiction,72,Paula Fox,4
G29,Postmodern & maximalist fiction,72,Monica Ali,3
G29,Postmodern & maximalist fiction,72,Sean Doolittle,3
G29,Postmodern & maximalist fiction,72,Bonnie Jo Campbell,2
G29,Postmodern & maximalist fiction,72,Bradford Morrow,2
G29,Postmodern & maximalist fiction,72,Carol Anshaw,2
G29,Postmodern & maximalist fiction,72,Dinaw Mengestu,2
G29,Postmodern & maximalist fiction,72,Edward Dahlberg,2
G29,Postmodern & maximalist fiction,72,Elizabeth Benedict,2
G29,Postmodern & maximalist fiction,72,Jim Rogers,2
G29,Postmodern & maximalist fiction,72,J.T. LeRoy,2
G29,Postmodern & maximalist fiction,72,Lily Tuck,2
G29,Postmodern & maximalist fiction,72,Patricia Marx,2
G29,Postmodern & maximalist fiction,72,Philipp Meyer,2
G29,Postmodern & maximalist fiction,72,Rachel Resnick,2
G29,Postmodern & maximalist fiction,72,Victor Gischler,2
G30,Brooklyn/pop-culture essayists,70,Jonathan Lethem,359
G30,Brooklyn/pop-culture essayists,70,Dave Eggers,196
G30,Brooklyn/pop-culture essayists,70,Susan Orlean,151
G30,Brooklyn/pop-culture essayists,70,Luc Sante,135
G30,Brooklyn/pop-culture essayists,70,Elizabeth Gilbert,128
G30,Brooklyn/pop-culture essayists,70,Greil Marcus,116
G30,Brooklyn/pop-culture essayists,70,William Gay,111
G30,Brooklyn/pop-culture essayists,70,Lester Bangs,101
G30,Brooklyn/pop-culture essayists,70,Chuck Klosterman,93
G30,Brooklyn/pop-culture essayists,70,Gary Giddins,92
G30,Brooklyn/pop-culture essayists,70,Sarah Vowell,90
G30,Brooklyn/pop-culture essayists,70,David Rakoff,89
G30,Brooklyn/pop-culture essayists,70,Nick Tosches,88
G30,Brooklyn/pop-culture essayists,70,Alex Ross,79
G30,Brooklyn/pop-culture essayists,70,Rosanne Cash,75
G30,Brooklyn/pop-culture essayists,70,Jay McInerney,72
G30,Brooklyn/pop-culture essayists,70,Richard Meltzer,70
G30,Brooklyn/pop-culture essayists,70,Anthony DeCurtis,59
G30,Brooklyn/pop-culture essayists,70,Robert Gordon,52
G30,Brooklyn/pop-culture essayists,70,Mike Doughty,50
G30,Brooklyn/pop-culture essayists,70,Amanda Davis,41
G30,Brooklyn/pop-culture essayists,70,Adam Johnson,39
G30,Brooklyn/pop-culture essayists,70,Julie Orringer,39
G30,Brooklyn/pop-culture essayists,70,Maile Meloy,39
G30,Brooklyn/pop-culture essayists,70,Rattawut Lapcharoensap,39
G30,Brooklyn/pop-culture essayists,70,John Murray,35
G30,Brooklyn/pop-culture essayists,70,Alec Wilkinson,33
G30,Brooklyn/pop-culture essayists,70,John Leland,32
G30,Brooklyn/pop-culture essayists,70,Mark Jacobson,32
G30,Brooklyn/pop-culture essayists,70,Michaelangelo Matos,31
G30,Brooklyn/pop-culture essayists,70,Jennifer Egan,28
G30,Brooklyn/pop-culture essayists,70,David Benioff,24
G30,Brooklyn/pop-culture essayists,70,Jennifer Vanderbes,24
G30,Brooklyn/pop-culture essayists,70,Cheryl Strayed,19
G30,Brooklyn/pop-culture essayists,70,Hilton Als,18
G30,Brooklyn/pop-culture essayists,70,Joshua Ferris,17
G30,Brooklyn/pop-culture essayists,70,Lauren Groff,17
G30,Brooklyn/pop-culture essayists,70,Robert Christgau,16
G30,Brooklyn/pop-culture essayists,70,Ben Greenman,12
G30,Brooklyn/pop-culture essayists,70,Benjamin Percy,8
G30,Brooklyn/pop-culture essayists,70,Victor LaValle,8
G30,Brooklyn/pop-culture essayists,70,Ann Powers,7
G30,Brooklyn/pop-culture essayists,70,Darin Strauss,7
G30,Brooklyn/pop-culture essayists,70,Greg Tate,6
G30,Brooklyn/pop-culture essayists,70,Jeff Chang,6
G30,Brooklyn/pop-culture essayists,70,Myla Goldberg,6
G30,Brooklyn/pop-culture essayists,70,Nelson George,6
G30,Brooklyn/pop-culture essayists,70,Rachel Kushner,6
G30,Brooklyn/pop-culture essayists,70,Renata Adler,6
G30,Brooklyn/pop-culture essayists,70,Robert Palmer,5
G30,Brooklyn/pop-culture essayists,70,Tony Horwitz,5
G30,Brooklyn/pop-culture essayists,70,Daphne Carr,4
G30,Brooklyn/pop-culture essayists,70,Lily King,4
G30,Brooklyn/pop-culture essayists,70,Matthew Sharpe,4
G30,Brooklyn/pop-culture essayists,70,Stanley Booth,4
G30,Brooklyn/pop-culture essayists,70,Stephen O'Connor,4
G30,Brooklyn/pop-culture essayists,70,Alicia Erian,2
G30,Brooklyn/pop-culture essayists,70,Arianna Huffington,2
G30,Brooklyn/pop-culture essayists,70,Armond White,2
G30,Brooklyn/pop-culture essayists,70,Benjamin Kunkel,2
G30,Brooklyn/pop-culture essayists,70,Bill Roorbach,2
G30,Brooklyn/pop-culture essayists,70,Carl Wilson,2
G30,Brooklyn/pop-culture essayists,70,David Hajdu,2
G30,Brooklyn/pop-culture essayists,70,David Ritz,2
G30,Brooklyn/pop-culture essayists,70,Doris Haggis-on-Whey,2
G30,Brooklyn/pop-culture essayists,70,Holly George-Warren,2
G30,Brooklyn/pop-culture essayists,70,John Wray,2
G30,Brooklyn/pop-culture essayists,70,Marshall Berman,2
G30,Brooklyn/pop-culture essayists,70,Ta-Nehisi Coates,2
G30,Brooklyn/pop-culture essayists,70,Tom Bissell,2
G31,Big-house US literary,70,Joyce Carol Oates,753
G31,Big-house US literary,70,Russell Banks,151
G31,Big-house US literary,70,Maurice Sendak,144
G31,Big-house US literary,70,Francine Prose,126
G31,Big-house US literary,70,William Styron,122
G31,Big-house US literary,70,Jane Smiley,121
G31,Big-house US literary,70,Larry McMurtry,104
G31,Big-house US literary,70,T. Coraghessan Boyle,97
G31,Big-house US literary,70,George Plimpton,91
G31,Big-house US literary,70,Gail Godwin,77
G31,Big-house US literary,70,Alice Hoffman,76
G31,Big-house US literary,70,John Edgar Wideman,71
G31,Big-house US literary,70,Jane Hamilton,69
G31,Big-house US literary,70,Charles Johnson,68
G31,Big-house US literary,70,Chang-rae Lee,64
G31,Big-house US literary,70,William Kennedy,63
G31,Big-house US literary,70,Sue Miller,62
G31,Big-house US literary,70,Susan Isaacs,60
G31,Big-house US literary,70,Allan Gurganus,59
G31,Big-house US literary,70,Anita Shreve,54
G31,Big-house US literary,70,Deborah Tannen,42
G31,Big-house US literary,70,Erich Fromm,28
G31,Big-house US literary,70,C.G. Jung,21
G31,Big-house US literary,70,Karen Horney,20
G31,Big-house US literary,70,Otto Rank,20
G31,Big-house US literary,70,Rosellen Brown,20
G31,Big-house US literary,70,Bobbie Ann Mason,19
G31,Big-house US literary,70,Else Holmelund Minarik,19
G31,Big-house US literary,70,Herbert Marcuse,17
G31,Big-house US literary,70,James Hillman,17
G31,Big-house US literary,70,Jean Piaget,17
G31,Big-house US literary,70,Mary Morris,17
G31,Big-house US literary,70,Elizabeth Berg,14
G31,Big-house US literary,70,Andre Dubus III,13
G31,Big-house US literary,70,Peggy Parish,10
G31,Big-house US literary,70,Crockett Johnson,9
G31,Big-house US literary,70,Jon Scieszka,9
G31,Big-house US literary,70,Ian Falconer,8
G31,Big-house US literary,70,Lillian Hoban,8
G31,Big-house US literary,70,Syd Hoff,8
G31,Big-house US literary,70,Chris Van Allsburg,7
G31,Big-house US literary,70,Max Horkheimer,7
G31,Big-house US literary,70,Wilhelm Reich,7
G31,Big-house US literary,70,Jill Paton Walsh,6
G31,Big-house US literary,70,Lane Smith,6
G31,Big-house US literary,70,J. Frank Dobie,5
G31,Big-house US literary,70,Ursula Nordstrom,5
G31,Big-house US literary,70,Agha Shahid Ali,4
G31,Big-house US literary,70,Carolyn See,4
G31,Big-house US literary,70,David Wiesner,4
G31,Big-house US literary,70,Emma Jung,4
G31,Big-house US literary,70,Katha Pollitt,4
G31,Big-house US literary,70,Mark Harris,4
G31,Big-house US literary,70,Miranda Mellis,4
G31,Big-house US literary,70,Paul O. Zelinsky,4
G31,Big-house US literary,70,Virginia Hamilton,4
G31,Big-house US literary,70,Benjamin Cheever,3
G31,Big-house US literary,70,Bill Barich,2
G31,Big-house US literary,70,Dagoberto Gilb,2
G31,Big-house US literary,70,Frank Conroy,2
G31,Big-house US literary,70,Helen Hunt Jackson,2
G31,Big-house US literary,70,Herman Parish,2
G31,Big-house US literary,70,Joan Barthel,2
G31,Big-house US literary,70,Lewis Trondheim,2
G31,Big-house US literary,70,Lisel Mueller,2
G31,Big-house US literary,70,Robert Atwan,2
G31,Big-house US literary,70,Rollo May,2
G31,Big-house US literary,70,Rosie Thomas,2
G31,Big-house US literary,70,Trina Schart Hyman,2
G31,Big-house US literary,70,William Joyce,2
G32,Film directors,69,Martin Scorsese,89
G32,Film directors,69,David Lynch,87
G32,Film directors,69,George Lucas,67
G32,Film directors,69,Quentin Tarantino,64
G32,Film directors,69,Tim Burton,62
G32,Film directors,69,Francis Ford Coppola,61
G32,Film directors,69,Stanley Kubrick,48
G32,Film directors,69,Larry King,24
G32,Film directors,69,John Williams,21
G32,Film directors,69,Oliver Stone,21
G32,Film directors,69,Christopher Lee,17
G32,Film directors,69,Federico Fellini,17
G32,Film directors,69,Gene Roddenberry,17
G32,Film directors,69,Jean-Luc Godard,17
G32,Film directors,69,Akira Kurosawa,15
G32,Film directors,69,Leonard Nimoy,15
G32,Film directors,69,Mark Frost,15
G32,Film directors,69,Wes Anderson,15
G32,Film directors,69,Laura Palmer,14
G32,Film directors,69,Ed Wood,12
G32,Film directors,69,Jim Henson,12
G32,Film directors,69,Wim Wenders,11
G32,Film directors,69,William Shatner,10
G32,Film directors,69,John Whitman,9
G32,Film directors,69,Steven Soderbergh,9
G32,Film directors,69,Anthony Daniels,8
G32,Film directors,69,Darren Aronofsky,8
G32,Film directors,69,Ingmar Bergman,8
G32,Film directors,69,James Doohan,8
G32,Film directors,69,Peter Bogdanovich,8
G32,Film directors,69,Ewan McGregor,7
G32,Film directors,69,Nancy Crocker,7
G32,Film directors,69,Peter Moore,7
G32,Film directors,69,Werner Herzog,7
G32,Film directors,69,George Takei,6
G32,Film directors,69,John Milius,6
G32,Film directors,69,Lloyd Kaufman,6
G32,Film directors,69,Brian Froud,5
G32,Film directors,69,Danny Elfman,5
G32,Film directors,69,Klaus Kinski,5
G32,Film directors,69,Richard Linklater,5
G32,Film directors,69,Aaron Sorkin,4
G32,Film directors,69,Baz Luhrmann,4
G32,Film directors,69,Dee Williams,4
G32,Film directors,69,Diablo Cody,4
G32,Film directors,69,Jean Renoir,4
G32,Film directors,69,Manny Farber,4
G32,Film directors,69,Mike Figgis,4
G32,Film directors,69,Peter George,4
G32,Film directors,69,Richard Dreyfuss,4
G32,Film directors,69,Robert Evans,4
G32,Film directors,69,Roger Corman,4
G32,Film directors,69,Samuel Fuller,4
G32,Film directors,69,Sterling Hayden,4
G32,Film directors,69,David Carradine,3
G32,Film directors,69,Wendy Froud,3
G32,Film directors,69,Charles Grodin,2
G32,Film directors,69,Dave Stevens,2
G32,Film directors,69,David Scott,2
G32,Film directors,69,Glenn Greenwald,2
G32,Film directors,69,Jackie Brown,2
G32,Film directors,69,Jeremy Bernstein,2
G32,Film directors,69,John de Lancie,2
G32,Film directors,69,John Knoll,2
G32,Film directors,69,Kermit the Frog,2
G32,Film directors,69,Michael Powell,2
G32,Film directors,69,Nichelle Nichols,2
G32,Film directors,69,Paul Schrader,2
G32,Film directors,69,Paul Thomas Anderson,2
G33,International prize circuit,65,Salman Rushdie,445
G33,International prize circuit,65,Angela Carter,293
G33,International prize circuit,65,Nadine Gordimer,293
G33,International prize circuit,65,Doris Lessing,236
G33,International prize circuit,65,Muriel Spark,220
G33,International prize circuit,65,Edwidge Danticat,190
G33,International prize circuit,65,Martin Amis,187
G33,International prize circuit,65,Haruki Murakami,178
G33,International prize circuit,65,Ian McEwan,158
G33,International prize circuit,65,Jeanette Winterson,147
G33,International prize circuit,65,Hilary Mantel,141
G33,International prize circuit,65,Julian Barnes,116
G33,International prize circuit,65,Kazuo Ishiguro,80
G33,International prize circuit,65,Hanif Kureishi,78
G33,International prize circuit,65,Chinua Achebe,75
G33,International prize circuit,65,Milan Kundera,74
G33,International prize circuit,65,Peter Carey,52
G33,International prize circuit,65,Iris Murdoch,41
G33,International prize circuit,65,Penelope Fitzgerald,41
G33,International prize circuit,65,A.M. Homes,40
G33,International prize circuit,65,Amos Oz,40
G33,International prize circuit,65,Emma Donoghue,38
G33,International prize circuit,65,Penelope Lively,36
G33,International prize circuit,65,Fay Weldon,24
G33,International prize circuit,65,Orhan Pamuk,23
G33,International prize circuit,65,A.S. Byatt,20
G33,International prize circuit,65,Banana Yoshimoto,20
G33,International prize circuit,65,William Golding,20
G33,International prize circuit,65,Ha Jin,19
G33,International prize circuit,65,Andrew Miller,16
G33,International prize circuit,65,Diana Athill,16
G33,International prize circuit,65,M.J. Hyland,16
G33,International prize circuit,65,Susan Hill,16
G33,International prize circuit,65,Helen Simpson,15
G33,International prize circuit,65,Alison Lurie,12
G33,International prize circuit,65,Ben Okri,12
G33,International prize circuit,65,Miranda July,12
G33,International prize circuit,65,Ingo Schulze,10
G33,International prize circuit,65,Lionel Shriver,10
G33,International prize circuit,65,David Grossman,7
G33,International prize circuit,65,Caleb Carr,6
G33,International prize circuit,65,Jim Crace,6
G33,International prize circuit,65,Ariana Franklin,4
G33,International prize circuit,65,Elif Shafak,4
G33,International prize circuit,65,Ellen Booraem,4
G33,International prize circuit,65,Harry Mulisch,4
G33,International prize circuit,65,Marcel Theroux,4
G33,International prize circuit,65,Orly Castel-Bloom,4
G33,International prize circuit,65,Paul Fleischman,4
G33,International prize circuit,65,Allan Massie,3
G33,International prize circuit,65,Abdulrazak Gurnah,2
G33,International prize circuit,65,Andrey Kurkov,2
G33,International prize circuit,65,Blake Morrison,2
G33,International prize circuit,65,Danzy Senna,2
G33,International prize circuit,65,Hanan Al-Shaykh,2
G33,International prize circuit,65,Hiromi Kawakami,2
G33,International prize circuit,65,John Fowles,2
G33,International prize circuit,65,John Mortimer,2
G33,International prize circuit,65,Luisa Valenzuela,2
G33,International prize circuit,65,Mary Yukari Waters,2
G33,International prize circuit,65,Philippa Pearce,2
G33,International prize circuit,65,Sue Townsend,2
G33,International prize circuit,65,Sylvia Whitman,2
G33,International prize circuit,65,Tariq Ramadan,2
G33,International prize circuit,65,Victor Pelevin,2
G34,Paranormal romance & urban fantasy,64,Jim Butcher,66
G34,Paranormal romance & urban fantasy,64,Charlaine Harris,63
G34,Paranormal romance & urban fantasy,64,Patricia Briggs,39
G34,Paranormal romance & urban fantasy,64,Nalini Singh,37
G34,Paranormal romance & urban fantasy,64,Eloisa James,36
G34,Paranormal romance & urban fantasy,64,Julia Quinn,32
G34,Paranormal romance & urban fantasy,64,Kelley Armstrong,30
G34,Paranormal romance & urban fantasy,64,J.R. Ward,26
G34,Paranormal romance & urban fantasy,64,Karen Marie Moning,22
G34,Paranormal romance & urban fantasy,64,Christine Feehan,21
G34,Paranormal romance & urban fantasy,64,Ilona Andrews,20
G34,Paranormal romance & urban fantasy,64,Jeaniene Frost,19
G34,Paranormal romance & urban fantasy,64,Kim Harrison,16
G34,Paranormal romance & urban fantasy,64,Deborah Harkness,15
G34,Paranormal romance & urban fantasy,64,Sabrina Jeffries,15
G34,Paranormal romance & urban fantasy,64,Lara Adrian,14
G34,Paranormal romance & urban fantasy,64,Mary Balogh,14
G34,Paranormal romance & urban fantasy,64,Kresley Cole,12
G34,Paranormal romance & urban fantasy,64,Vicki Pettersson,12
G34,Paranormal romance & urban fantasy,64,Anne Bishop,11
G34,Paranormal romance & urban fantasy,64,Gena Showalter,11
G34,Paranormal romance & urban fantasy,64,Lilith Saintcrow,10
G34,Paranormal romance & urban fantasy,64,Melissa Marr,10
G34,Paranormal romance & urban fantasy,64,Steven Savile,10
G34,Paranormal romance & urban fantasy,64,Tim Powers,10
G34,Paranormal romance & urban fantasy,64,Cheyenne McCray,9
G34,Paranormal romance & urban fantasy,64,Jessica Andersen,9
G34,Paranormal romance & urban fantasy,64,Laini Taylor,9
G34,Paranormal romance & urban fantasy,64,Larissa Ione,9
G34,Paranormal romance & urban fantasy,64,Loretta Chase,9
G34,Paranormal romance & urban fantasy,64,Maggie Shayne,9
G34,Paranormal romance & urban fantasy,64,Rachel Caine,9
G34,Paranormal romance & urban fantasy,64,Sherrilyn Kenyon,9
G34,Paranormal romance & urban fantasy,64,Angela Knight,8
G34,Paranormal romance & urban fantasy,64,Jo Beverley,8
G34,Paranormal romance & urban fantasy,64,Laura Resnick,8
G34,Paranormal romance & urban fantasy,64,Simon R. Green,8
G34,Paranormal romance & urban fantasy,64,Anna Campbell,7
G34,Paranormal romance & urban fantasy,64,Stephanie Laurens,7
G34,Paranormal romance & urban fantasy,64,Faith Hunter,6
G34,Paranormal romance & urban fantasy,64,Jane Feather,6
G34,Paranormal romance & urban fantasy,64,Lisa Kleypas,6
G34,Paranormal romance & urban fantasy,64,Mary Jo Putney,6
G34,Paranormal romance & urban fantasy,64,Richelle Mead,6
G34,Paranormal romance & urban fantasy,64,Sam Cheever,6
G34,Paranormal romance & urban fantasy,64,Caitlin Kittredge,4
G34,Paranormal romance & urban fantasy,64,Cathy Maxwell,4
G34,Paranormal romance & urban fantasy,64,Elizabeth Vaughan,4
G34,Paranormal romance & urban fantasy,64,Jaci Burton,4
G34,Paranormal romance & urban fantasy,64,Jennifer Ashley,4
G34,Paranormal romance & urban fantasy,64,Jennifer Estep,4
G34,Paranormal romance & urban fantasy,64,Jill Monroe,4
G34,Paranormal romance & urban fantasy,64,Jon F. Merz,4
G34,Paranormal romance & urban fantasy,64,Samantha James,4
G34,Paranormal romance & urban fantasy,64,Teresa Medeiros,4
G34,Paranormal romance & urban fantasy,64,Virginia Kantra,4
G34,Paranormal romance & urban fantasy,64,Marjorie M. Liu,3
G34,Paranormal romance & urban fantasy,64,Alan Ball,2
G34,Paranormal romance & urban fantasy,64,Jill Barnett,2
G34,Paranormal romance & urban fantasy,64,Joss Ware,2
G34,Paranormal romance & urban fantasy,64,Lynsay Sands,2
G34,Paranormal romance & urban fantasy,64,Michele Hauf,2
G34,Paranormal romance & urban fantasy,64,Stephanie Tyler,2
G34,Paranormal romance & urban fantasy,64,Suzanne McLeod,2
G35,Women's commercial fiction,62,Gillian Flynn,83
G35,Women's commercial fiction,62,Sophie Kinsella,57
G35,Women's commercial fiction,62,Jojo Moyes,44
G35,Women's commercial fiction,62,Emily Giffin,37
G35,Women's commercial fiction,62,Marian Keyes,37
G35,Women's commercial fiction,62,Fannie Flagg,35
G35,Women's commercial fiction,62,Jill Mansell,34
G35,Women's commercial fiction,62,Jennifer Crusie,33
G35,Women's commercial fiction,62,Jenny Colgan,33
G35,Women's commercial fiction,62,Jennifer Weiner,32
G35,Women's commercial fiction,62,Tana French,29
G35,Women's commercial fiction,62,Helen Fielding,27
G35,Women's commercial fiction,62,Adriana Trigiani,26
G35,Women's commercial fiction,62,Cathy Kelly,24
G35,Women's commercial fiction,62,Paula Hawkins,24
G35,Women's commercial fiction,62,Jane Green,23
G35,Women's commercial fiction,62,Liane Moriarty,23
G35,Women's commercial fiction,62,Meg Cabot,23
G35,Women's commercial fiction,62,Carole Matthews,22
G35,Women's commercial fiction,62,Katie Fforde,21
G35,Women's commercial fiction,62,Maeve Binchy,21
G35,Women's commercial fiction,62,Rebecca Wells,19
G35,Women's commercial fiction,62,R.L. Stine,19
G35,Women's commercial fiction,62,Lucy Diamond,18
G35,Women's commercial fiction,62,Milly Johnson,17
G35,Women's commercial fiction,62,Jill Conner Browne,16
G35,Women's commercial fiction,62,Candace Bushnell,13
G35,Women's commercial fiction,62,Mary Kay,13
G35,Women's commercial fiction,62,Jane Costello,12
G35,Women's commercial fiction,62,Sarah Addison Allen,11
G35,Women's commercial fiction,62,Trisha Ashley,11
G35,Women's commercial fiction,62,David Nicholls,9
G35,Women's commercial fiction,62,Anne Frasier,8
G35,Women's commercial fiction,62,Christie Craig,8
G35,Women's commercial fiction,62,Imogen Edwards-Jones,8
G35,Women's commercial fiction,62,Jan Karon,8
G35,Women's commercial fiction,62,Tom Sharpe,8
G35,Women's commercial fiction,62,Veronica Henry,8
G35,Women's commercial fiction,62,Fiona Gibson,7
G35,Women's commercial fiction,62,Kaye Gibbons,7
G35,Women's commercial fiction,62,Adele Parks,6
G35,Women's commercial fiction,62,Jen Lancaster,6
G35,Women's commercial fiction,62,Lisa Jewell,5
G35,Women's commercial fiction,62,Patricia Scanlan,5
G35,Women's commercial fiction,62,Anna Maxted,4
G35,Women's commercial fiction,62,Chris Bohjalian,4
G35,Women's commercial fiction,62,Elizabeth Buchan,4
G35,Women's commercial fiction,62,Katie MacAlister,4
G35,Women's commercial fiction,62,Joanna Trollope,3
G35,Women's commercial fiction,62,Beth Harbison,2
G35,Women's commercial fiction,62,Charlie Brooker,2
G35,Women's commercial fiction,62,Dorothy Koomson,2
G35,Women's commercial fiction,62,Graeme Simsion,2
G35,Women's commercial fiction,62,Kristin Gore,2
G35,Women's commercial fiction,62,Laura Parker,2
G35,Women's commercial fiction,62,Lauren Weisberger,2
G35,Women's commercial fiction,62,Louise Rennison,2
G35,Women's commercial fiction,62,Lucy Dillon,2
G35,Women's commercial fiction,62,Mary Kay Andrews,2
G35,Women's commercial fiction,62,Pamela Morsi,2
G35,Women's commercial fiction,62,Penny Vincenzi,2
G35,Women's commercial fiction,62,Shari Lapena,2
G36,The Inklings & Christian fantasy,61,C.S. Lewis,340
G36,The Inklings & Christian fantasy,61,J.R.R. Tolkien,318
G36,The Inklings & Christian fantasy,61,Terry Pratchett,157
G36,The Inklings & Christian fantasy,61,Douglas Adams,103
G36,The Inklings & Christian fantasy,61,George MacDonald,94
G36,The Inklings & Christian fantasy,61,J.K. Rowling,93
G36,The Inklings & Christian fantasy,61,Philip Pullman,72
G36,The Inklings & Christian fantasy,61,Mervyn Peake,53
G36,The Inklings & Christian fantasy,61,Charles Williams,49
G36,The Inklings & Christian fantasy,61,Christopher Moore,42
G36,The Inklings & Christian fantasy,61,Lloyd Alexander,31
G36,The Inklings & Christian fantasy,61,Olaf Stapledon,30
G36,The Inklings & Christian fantasy,61,Madeleine L'Engle,29
G36,The Inklings & Christian fantasy,61,Susan Cooper,24
G36,The Inklings & Christian fantasy,61,Owen Barfield,23
G36,The Inklings & Christian fantasy,61,Piers Anthony,23
G36,The Inklings & Christian fantasy,61,Diana Wynne Jones,21
G36,The Inklings & Christian fantasy,61,Charlotte Gray,15
G36,The Inklings & Christian fantasy,61,Joy Davidman,14
G36,The Inklings & Christian fantasy,61,Alan Garner,10
G36,The Inklings & Christian fantasy,61,Gail Carson Levine,10
G36,The Inklings & Christian fantasy,61,Sebastian Faulks,9
G36,The Inklings & Christian fantasy,61,Shannon Hale,9
G36,The Inklings & Christian fantasy,61,Jasper Fforde,8
G36,The Inklings & Christian fantasy,61,Debra Doyle,6
G36,The Inklings & Christian fantasy,61,Frederick Buechner,6
G36,The Inklings & Christian fantasy,61,J.L. Granatstein,6
G36,The Inklings & Christian fantasy,61,Nancy Farmer,6
G36,The Inklings & Christian fantasy,61,Pat Barker,6
G36,The Inklings & Christian fantasy,61,Patricia C. Wrede,6
G36,The Inklings & Christian fantasy,61,Robert Rankin,6
G36,The Inklings & Christian fantasy,61,Sheldon Vanauken,6
G36,The Inklings & Christian fantasy,61,Tim Cook,6
G36,The Inklings & Christian fantasy,61,William Boyd,6
G36,The Inklings & Christian fantasy,61,Michael Ward,5
G36,The Inklings & Christian fantasy,61,Brian Jacques,4
G36,The Inklings & Christian fantasy,61,Clifford Chase,4
G36,The Inklings & Christian fantasy,61,Colin Duriez,4
G36,The Inklings & Christian fantasy,61,Garrett P. Serviss,4
G36,The Inklings & Christian fantasy,61,Ken McGoogan,4
G36,The Inklings & Christian fantasy,61,Will Ferguson,4
G36,The Inklings & Christian fantasy,61,Newt Scamander,3
G36,The Inklings & Christian fantasy,61,Carolyn Curtis,2
G36,The Inklings & Christian fantasy,61,Daniel Falconer,2
G36,The Inklings & Christian fantasy,61,Elizabeth Wein,2
G36,The Inklings & Christian fantasy,61,Elizabeth Yates,2
G36,The Inklings & Christian fantasy,61,Frances Hardinge,2
G36,The Inklings & Christian fantasy,61,Hayao Miyazaki,2
G36,The Inklings & Christian fantasy,61,James MacDonald,2
G36,The Inklings & Christian fantasy,61,Jeffrey Overstreet,2
G36,The Inklings & Christian fantasy,61,Jessica Day George,2
G36,The Inklings & Christian fantasy,61,Katherine Langrish,2
G36,The Inklings & Christian fantasy,61,Keith Ward,2
G36,The Inklings & Christian fantasy,61,Norton Juster,2
G36,The Inklings & Christian fantasy,61,Paul Copan,2
G36,The Inklings & Christian fantasy,61,Russell Smith,2
G36,The Inklings & Christian fantasy,61,Sarah Prineas,2
G36,The Inklings & Christian fantasy,61,Thomas Howard,2
G36,The Inklings & Christian fantasy,61,Verlyn Flieger,2
G36,The Inklings & Christian fantasy,61,Walter Farley,2
G36,The Inklings & Christian fantasy,61,William Barclay,2
G37,Canadian literature,60,Margaret Atwood,731
G37,Canadian literature,60,Alice Munro,406
G37,Canadian literature,60,Mavis Gallant,67
G37,Canadian literature,60,Robertson Davies,48
G37,Canadian literature,60,Margaret Laurence,45
G37,Canadian literature,60,Michael Ondaatje,45
G37,Canadian literature,60,Ali Smith,43
G37,Canadian literature,60,Alistair MacLeod,37
G37,Canadian literature,60,Carol Shields,37
G37,Canadian literature,60,Marshall McLuhan,35
G37,Canadian literature,60,David Mitchell,32
G37,Canadian literature,60,Chimamanda Ngozi Adichie,29
G37,Canadian literature,60,Stephen Leacock,25
G37,Canadian literature,60,Farley Mowat,20
G37,Canadian literature,60,Al Purdy,16
G37,Canadian literature,60,Anne Michaels,15
G37,Canadian literature,60,J.M. Coetzee,15
G37,Canadian literature,60,Mordecai Richler,14
G37,Canadian literature,60,Ann-Marie MacDonald,10
G37,Canadian literature,60,Iain Sinclair,10
G37,Canadian literature,60,Grey Owl,9
G37,Canadian literature,60,Joseph Boyden,8
G37,Canadian literature,60,Barbara Gowdy,7
G37,Canadian literature,60,Glenn Gould,7
G37,Canadian literature,60,Leila Aboulela,7
G37,Canadian literature,60,W.P. Kinsella,7
G37,Canadian literature,60,Elizabeth Smart,6
G37,Canadian literature,60,Hugh MacLennan,6
G37,Canadian literature,60,Jack Hodgins,6
G37,Canadian literature,60,Marina Lewycka,6
G37,Canadian literature,60,Michel Tremblay,6
G37,Canadian literature,60,Peter Gzowski,6
G37,Canadian literature,60,Pierre Berton,6
G37,Canadian literature,60,Pierre Trudeau,6
G37,Canadian literature,60,Robert Service,6
G37,Canadian literature,60,Timothy Findley,6
G37,Canadian literature,60,David Adams Richards,5
G37,Canadian literature,60,Helen Dunmore,5
G37,Canadian literature,60,Julian Barratt,5
G37,Canadian literature,60,Lorna Crozier,5
G37,Canadian literature,60,Neil Postman,5
G37,Canadian literature,60,Noel Fielding,5
G37,Canadian literature,60,Patrick Lane,5
G37,Canadian literature,60,Susan Musgrave,5
G37,Canadian literature,60,Jacques Ellul,4
G37,Canadian literature,60,James Lever,4
G37,Canadian literature,60,Jean Thompson,4
G37,Canadian literature,60,Stefano Benni,4
G37,Canadian literature,60,Susanna Moodie,4
G37,Canadian literature,60,W.O. Mitchell,4
G37,Canadian literature,60,Alessandro Baricco,2
G37,Canadian literature,60,Catharine Parr Traill,2
G37,Canadian literature,60,Damon Galgut,2
G37,Canadian literature,60,Gabrielle Roy,2
G37,Canadian literature,60,John Kenneth Galbraith,2
G37,Canadian literature,60,John McCrae,2
G37,Canadian literature,60,Katherine Govier,2
G37,Canadian literature,60,Stephen Lewis,2
G37,Canadian literature,60,Stuart McLean,2
G37,Canadian literature,60,Toby Litt,2
G38,The Beats,59,Allen Ginsberg,1148
G38,The Beats,59,Jack Kerouac,669
G38,The Beats,59,William S. Burroughs,197
G38,The Beats,59,Gary Snyder,182
G38,The Beats,59,Charles Bukowski,132
G38,The Beats,59,Gregory Corso,120
G38,The Beats,59,Lawrence Ferlinghetti,106
G38,The Beats,59,Abbie Hoffman,102
G38,The Beats,59,Timothy Leary,100
G38,The Beats,59,Neal Cassady,97
G38,The Beats,59,Ken Kesey,89
G38,The Beats,59,Tom Robbins,61
G38,The Beats,59,John Clellon Holmes,52
G38,The Beats,59,LeRoi Jones,51
G38,The Beats,59,Anne Waldman,38
G38,The Beats,59,Terry Southern,36
G38,The Beats,59,Malcolm Lowry,32
G38,The Beats,59,Ted Berrigan,27
G38,The Beats,59,Jerry Garcia,26
G38,The Beats,59,Brion Gysin,23
G38,The Beats,59,Bob Kaufman,22
G38,The Beats,59,Tom Hayden,21
G38,The Beats,59,Jack Spicer,20
G38,The Beats,59,Joyce Johnson,19
G38,The Beats,59,Kenneth Patchen,19
G38,The Beats,59,Richard Brautigan,18
G38,The Beats,59,Carolyn Cassady,17
G38,The Beats,59,Robert Anton Wilson,16
G38,The Beats,59,Terence McKenna,16
G38,The Beats,59,R.D. Laing,13
G38,The Beats,59,Hettie Jones,10
G38,The Beats,59,Andrei Codrescu,9
G38,The Beats,59,Barbara Guest,9
G38,The Beats,59,Daniel Ellsberg,9
G38,The Beats,59,Bill Graham,8
G38,The Beats,59,Hakim Bey,8
G38,The Beats,59,Robin Blaser,8
G38,The Beats,59,Ed Sanders,6
G38,The Beats,59,John Fante,6
G38,The Beats,59,Lew Welch,5
G38,The Beats,59,Ann Charters,4
G38,The Beats,59,Bruce Weigl,4
G38,The Beats,59,Daniel Pinchbeck,4
G38,The Beats,59,Grace Slick,4
G38,The Beats,59,Rick Strassman,3
G38,The Beats,59,Robert Hunter,3
G38,The Beats,59,Alexander Trocchi,2
G38,The Beats,59,Arthur Sze,2
G38,The Beats,59,Bruce Jay Friedman,2
G38,The Beats,59,Dale Pendell,2
G38,The Beats,59,Diane di Prima,2
G38,The Beats,59,Jeremy Narby,2
G38,The Beats,59,Jerome Rothenberg,2
G38,The Beats,59,John Hoffman,2
G38,The Beats,59,Michael Simmons,2
G38,The Beats,59,Paul Hoover,2
G38,The Beats,59,Peter Lamborn Wilson,2
G38,The Beats,59,Russ Kick,2
G38,The Beats,59,Stewart Brand,2
G39,Epic fantasy & YA blockbusters,59,George R.R. Martin,366
G39,Epic fantasy & YA blockbusters,59,Diana Gabaldon,56
G39,Epic fantasy & YA blockbusters,59,Gardner Dozois,49
G39,Epic fantasy & YA blockbusters,59,Terry Brooks,46
G39,Epic fantasy & YA blockbusters,59,Robin Hobb,44
G39,Epic fantasy & YA blockbusters,59,Tad Williams,44
G39,Epic fantasy & YA blockbusters,59,Rick Riordan,41
G39,Epic fantasy & YA blockbusters,59,Robert Jordan,40
G39,Epic fantasy & YA blockbusters,59,Suzanne Collins,39
G39,Epic fantasy & YA blockbusters,59,Stephenie Meyer,37
G39,Epic fantasy & YA blockbusters,59,Scott Lynch,35
G39,Epic fantasy & YA blockbusters,59,Cassandra Clare,33
G39,Epic fantasy & YA blockbusters,59,Tamora Pierce,32
G39,Epic fantasy & YA blockbusters,59,Brandon Sanderson,31
G39,Epic fantasy & YA blockbusters,59,Patrick Rothfuss,30
G39,Epic fantasy & YA blockbusters,59,Brandon Mull,29
G39,Epic fantasy & YA blockbusters,59,Raymond E. Feist,27
G39,Epic fantasy & YA blockbusters,59,Brent Weeks,25
G39,Epic fantasy & YA blockbusters,59,Terry Goodkind,23
G39,Epic fantasy & YA blockbusters,59,James Dashner,22
G39,Epic fantasy & YA blockbusters,59,Stephen R. Donaldson,21
G39,Epic fantasy & YA blockbusters,59,Peter V. Brett,20
G39,Epic fantasy & YA blockbusters,59,Christopher Paolini,17
G39,Epic fantasy & YA blockbusters,59,Jacqueline Carey,16
G39,Epic fantasy & YA blockbusters,59,Naomi Novik,16
G39,Epic fantasy & YA blockbusters,59,T.H. White,15
G39,Epic fantasy & YA blockbusters,59,Daniel Abraham,14
G39,Epic fantasy & YA blockbusters,59,Lois Lowry,14
G39,Epic fantasy & YA blockbusters,59,Nicola Griffith,12
G39,Epic fantasy & YA blockbusters,59,David Eddings,11
G39,Epic fantasy & YA blockbusters,59,Cecelia Holland,10
G39,Epic fantasy & YA blockbusters,59,Ridley Pearson,9
G39,Epic fantasy & YA blockbusters,59,Gordon Korman,8
G39,Epic fantasy & YA blockbusters,59,Kristin Cashore,8
G39,Epic fantasy & YA blockbusters,59,Jon Snow,7
G39,Epic fantasy & YA blockbusters,59,Peter Lerangis,7
G39,Epic fantasy & YA blockbusters,59,Steven Erikson,7
G39,Epic fantasy & YA blockbusters,59,Dennis L. McKiernan,6
G39,Epic fantasy & YA blockbusters,59,Libba Bray,6
G39,Epic fantasy & YA blockbusters,59,Robin McKinley,6
G39,Epic fantasy & YA blockbusters,59,Rick Yancey,5
G39,Epic fantasy & YA blockbusters,59,Stephen Leigh,5
G39,Epic fantasy & YA blockbusters,59,Ally Condie,4
G39,Epic fantasy & YA blockbusters,59,David Farland,4
G39,Epic fantasy & YA blockbusters,59,Fiona McIntosh,4
G39,Epic fantasy & YA blockbusters,59,Guy Gavriel Kay,4
G39,Epic fantasy & YA blockbusters,59,Jude Watson,4
G39,Epic fantasy & YA blockbusters,59,Luis Alberto Urrea,4
G39,Epic fantasy & YA blockbusters,59,Margaret Peterson Haddix,4
G39,Epic fantasy & YA blockbusters,59,Sara Douglass,4
G39,Epic fantasy & YA blockbusters,59,Rich Horton,3
G39,Epic fantasy & YA blockbusters,59,Sharon Kay Penman,3
G39,Epic fantasy & YA blockbusters,59,Ann M. Martin,2
G39,Epic fantasy & YA blockbusters,59,David Anthony Durham,2
G39,Epic fantasy & YA blockbusters,59,L.J. Smith,2
G39,Epic fantasy & YA blockbusters,59,Michael Grant,2
G39,Epic fantasy & YA blockbusters,59,Robert Holdstock,2
G39,Epic fantasy & YA blockbusters,59,Sandy Blair,2
G39,Epic fantasy & YA blockbusters,59,Scott Baker,2
G40,Latin American letters,58,Jorge Luis Borges,391
G40,Latin American letters,58,Pablo Neruda,373
G40,Latin American letters,58,Octavio Paz,105
G40,Latin American letters,58,Mario Vargas Llosa,81
G40,Latin American letters,58,Carlos Fuentes,70
G40,Latin American letters,58,Horacio Quiroga,60
G40,Latin American letters,58,W.S. Merwin,54
G40,Latin American letters,58,Fernando Pessoa,38
G40,Latin American letters,58,Bei Dao,27
G40,Latin American letters,58,Machado de Assis,27
G40,Latin American letters,58,Juan Rulfo,25
G40,Latin American letters,58,Gabriela Mistral,23
G40,Latin American letters,58,Adolfo Bioy Casares,21
G40,Latin American letters,58,Alejo Carpentier,19
G40,Latin American letters,58,Leopoldo Lugones,19
G40,Latin American letters,58,Clarice Lispector,16
G40,Latin American letters,58,Jorge Amado,16
G40,Latin American letters,58,Rosario Castellanos,15
G40,Latin American letters,58,Yehuda Amichai,15
G40,Latin American letters,58,Juan Carlos Onetti,14
G40,Latin American letters,58,Roberto Arlt,14
G40,Latin American letters,58,Augusto Monterroso,12
G40,Latin American letters,58,Elena Poniatowska,12
G40,Latin American letters,58,Guillermo Cabrera Infante,12
G40,Latin American letters,58,Vicente Huidobro,12
G40,Latin American letters,58,A.K. Ramanujan,10
G40,Latin American letters,58,Sergio Pitol,10
G40,Latin American letters,58,Jorge Edwards,9
G40,Latin American letters,58,Augusto Roa Bastos,8
G40,Latin American letters,58,Dino Buzzati,8
G40,Latin American letters,58,Carlos Drummond de Andrade,7
G40,Latin American letters,58,Francisco Coloane,7
G40,Latin American letters,58,Eliot Weinberger,6
G40,Latin American letters,58,Eugenio Montale,6
G40,Latin American letters,58,Lima Barreto,6
G40,Latin American letters,58,Mahmoud Darwish,6
G40,Latin American letters,58,Nicanor Parra,6
G40,Latin American letters,58,Oliverio Girondo,6
G40,Latin American letters,58,Pedro Lemebel,6
G40,Latin American letters,58,Silvina Ocampo,6
G40,Latin American letters,58,Vinicius de Moraes,6
G40,Latin American letters,58,Elena Garro,4
G40,Latin American letters,58,Giuseppe Ungaretti,4
G40,Latin American letters,58,Graciliano Ramos,4
G40,Latin American letters,58,Juan Villoro,4
G40,Latin American letters,58,Manuel Bandeira,4
G40,Latin American letters,58,Rafael Alberti,4
G40,Latin American letters,58,Reinaldo Arenas,4
G40,Latin American letters,58,Miguel Torga,3
G40,Latin American letters,58,Ricardo Piglia,3
G40,Latin American letters,58,Chico Buarque,2
G40,Latin American letters,58,Fernando del Paso,2
G40,Latin American letters,58,Fernando Vallejo,2
G40,Latin American letters,58,Leonardo Padura Fuentes,2
G40,Latin American letters,58,Marco Denevi,2
G40,Latin American letters,58,Pedro Salinas,2
G40,Latin American letters,58,Rubem Fonseca,2
G40,Latin American letters,58,Vasko Popa,2
G41,Minimalist & experimental short story,58,Raymond Carver,603
G41,Minimalist & experimental short story,58,Lorrie Moore,279
G41,Minimalist & experimental short story,58,Lydia Davis,273
G41,Minimalist & experimental short story,58,Richard Ford,170
G41,Minimalist & experimental short story,58,George Saunders,134
G41,Minimalist & experimental short story,58,Tobias Wolff,124
G41,Minimalist & experimental short story,58,Ann Beattie,120
G41,Minimalist & experimental short story,58,Donald Barthelme,118
G41,Minimalist & experimental short story,58,Edmund White,113
G41,Minimalist & experimental short story,58,Denis Johnson,112
G41,Minimalist & experimental short story,58,Steven Millhauser,105
G41,Minimalist & experimental short story,58,Mary Gaitskill,88
G41,Minimalist & experimental short story,58,Joy Williams,83
G41,Minimalist & experimental short story,58,Karen Russell,58
G41,Minimalist & experimental short story,58,Brian Evenson,46
G41,Minimalist & experimental short story,58,Ben Marcus,44
G41,Minimalist & experimental short story,58,Barry Hannah,41
G41,Minimalist & experimental short story,58,Amy Hempel,36
G41,Minimalist & experimental short story,58,James Salter,32
G41,Minimalist & experimental short story,58,Deborah Eisenberg,28
G41,Minimalist & experimental short story,58,Sam Lipsyte,28
G41,Minimalist & experimental short story,58,Andre Dubus,22
G41,Minimalist & experimental short story,58,Colum McCann,18
G41,Minimalist & experimental short story,58,Bernard Cooper,15
G41,Minimalist & experimental short story,58,Guy Davenport,12
G41,Minimalist & experimental short story,58,Norman Rush,12
G41,Minimalist & experimental short story,58,Leonard Michaels,11
G41,Minimalist & experimental short story,58,Mona Simpson,11
G41,Minimalist & experimental short story,58,Charles D'Ambrosio,10
G41,Minimalist & experimental short story,58,Joan Silber,10
G41,Minimalist & experimental short story,58,Nuruddin Farah,10
G41,Minimalist & experimental short story,58,Paul Monette,10
G41,Minimalist & experimental short story,58,David Wojnarowicz,9
G41,Minimalist & experimental short story,58,Harry Mathews,9
G41,Minimalist & experimental short story,58,Mary Robison,8
G41,Minimalist & experimental short story,58,Gary Lutz,7
G41,Minimalist & experimental short story,58,David Means,6
G41,Minimalist & experimental short story,58,Larry Kramer,6
G41,Minimalist & experimental short story,58,Gordon Lish,5
G41,Minimalist & experimental short story,58,Alice Fulton,4
G41,Minimalist & experimental short story,58,Andrew Holleran,4
G41,Minimalist & experimental short story,58,Essex Hemphill,4
G41,Minimalist & experimental short story,58,Felice Picano,4
G41,Minimalist & experimental short story,58,Pablo Medina,4
G41,Minimalist & experimental short story,58,Carolyn Chute,2
G41,Minimalist & experimental short story,58,Christopher Coe,2
G41,Minimalist & experimental short story,58,Chuck Kinder,2
G41,Minimalist & experimental short story,58,Dale Peck,2
G41,Minimalist & experimental short story,58,David Leavitt,2
G41,Minimalist & experimental short story,58,Diane Williams,2
G41,Minimalist & experimental short story,58,James Purdy,2
G41,Minimalist & experimental short story,58,Jane Leavy,2
G41,Minimalist & experimental short story,58,Kevin Wilson,2
G41,Minimalist & experimental short story,58,Maeve Brennan,2
G41,Minimalist & experimental short story,58,Michael Bronski,2
G41,Minimalist & experimental short story,58,Nicola Barker,2
G41,Minimalist & experimental short story,58,Stacey Levine,2
G41,Minimalist & experimental short story,58,Thom Jones,2
G42,The stage,55,Samuel Beckett,479
G42,The stage,55,Tennessee Williams,378
G42,The stage,55,Arthur Miller,168
G42,The stage,55,Eugene O'Neill,160
G42,The stage,55,Edward Albee,107
G42,The stage,55,David Mamet,83
G42,The stage,55,Harold Pinter,83
G42,The stage,55,Lillian Hellman,80
G42,The stage,55,Wole Soyinka,78
G42,The stage,55,Luigi Pirandello,68
G42,The stage,55,Henrik Ibsen,60
G42,The stage,55,Tony Kushner,53
G42,The stage,55,Tom Stoppard,50
G42,The stage,55,Sam Shepard,43
G42,The stage,55,August Strindberg,38
G42,The stage,55,David Henry Hwang,33
G42,The stage,55,August Wilson,27
G42,The stage,55,A.L. Kennedy,26
G42,The stage,55,Lorraine Hansberry,25
G42,The stage,55,John Osborne,22
G42,The stage,55,Suzan-Lori Parks,22
G42,The stage,55,Clifford Odets,21
G42,The stage,55,Diana Son,20
G42,The stage,55,Thomas Bernhard,19
G42,The stage,55,Luis Valdez,18
G42,The stage,55,Marsha Norman,18
G42,The stage,55,Joe Orton,16
G42,The stage,55,Alain Robbe-Grillet,15
G42,The stage,55,David Hare,14
G42,The stage,55,Wendy Wasserstein,14
G42,The stage,55,Christopher Durang,12
G42,The stage,55,Tina Howe,10
G42,The stage,55,Anne Bogart,8
G42,The stage,55,Harold Clurman,8
G42,The stage,55,John Guare,8
G42,The stage,55,Alan Ayckbourn,6
G42,The stage,55,Anna Deavere Smith,6
G42,The stage,55,Annie Ernaux,6
G42,The stage,55,Brian Friel,6
G42,The stage,55,David Ives,6
G42,The stage,55,Marie Redonnet,6
G42,The stage,55,Lynn Nottage,4
G42,The stage,55,Maxwell Anderson,4
G42,The stage,55,Neil Simon,4
G42,The stage,55,Timberlake Wertenbaker,4
G42,The stage,55,Boy George,2
G42,The stage,55,Caryl Churchill,2
G42,The stage,55,Dalton Trumbo,2
G42,The stage,55,Eavan Boland,2
G42,The stage,55,Grazia Deledda,2
G42,The stage,55,Patricia Bosworth,2
G42,The stage,55,Paula Vogel,2
G42,The stage,55,Robert Shaw,2
G42,The stage,55,Taslima Nasrin,2
G42,The stage,55,Terence Rattigan,2
G43,Travel writing,54,Sherwood Anderson,285
G43,Travel writing,54,Jerome K. Jerome,92
G43,Travel writing,54,Nathanael West,72
G43,Travel writing,54,Jan Morris,66
G43,Travel writing,54,Isabel Allende,56
G43,Travel writing,54,Sean Condon,56
G43,Travel writing,54,Pico Iyer,54
G43,Travel writing,54,Paul Theroux,53
G43,Travel writing,54,Bill Bryson,49
G43,Travel writing,54,Lawrence Durrell,48
G43,Travel writing,54,Alberto Moravia,45
G43,Travel writing,54,Tim Cahill,44
G43,Travel writing,54,Paul Krassner,38
G43,Travel writing,54,Laura Esquivel,35
G43,Travel writing,54,Elizabeth George,34
G43,Travel writing,54,Joyce Cary,33
G43,Travel writing,54,Alexa Albert,32
G43,Travel writing,54,Derek Jarman,32
G43,Travel writing,54,Jakusho Kwong,32
G43,Travel writing,54,Joshua Slocum,32
G43,Travel writing,54,Don George,30
G43,Travel writing,54,Simon Winchester,26
G43,Travel writing,54,Bruce Chatwin,24
G43,Travel writing,54,Danny Wallace,24
G43,Travel writing,54,David Downie,24
G43,Travel writing,54,Doug Lansky,24
G43,Travel writing,54,Joshua Clark,24
G43,Travel writing,54,Karl Taro Greenfeld,24
G43,Travel writing,54,Laura Resau,24
G43,Travel writing,54,Linda Watanabe McFerrin,24
G43,Travel writing,54,Michelle Richmond,24
G43,Travel writing,54,Rolf Potts,24
G43,Travel writing,54,Alexander McCall Smith,23
G43,Travel writing,54,Porochista Khakpour,23
G43,Travel writing,54,Jeff Greenwald,17
G43,Travel writing,54,Anthony Sattin,16
G43,Travel writing,54,Robert Twigger,16
G43,Travel writing,54,Tahir Shah,16
G43,Travel writing,54,James Fenton,13
G43,Travel writing,54,Wendell Steavenson,10
G43,Travel writing,54,James Hamilton-Paterson,9
G43,Travel writing,54,William Least Heat-Moon,8
G43,Travel writing,54,Paulo Coelho,7
G43,Travel writing,54,Gerald Durrell,6
G43,Travel writing,54,Tom Miller,6
G43,Travel writing,54,Colin Thubron,4
G43,Travel writing,54,Dervla Murphy,4
G43,Travel writing,54,Peter Mayle,4
G43,Travel writing,54,D.B.C. Pierre,3
G43,Travel writing,54,Isabel Hilton,2
G43,Travel writing,54,Mort Rosenblum,2
G43,Travel writing,54,Nicholas Shakespeare,2
G43,Travel writing,54,Rick Telander,2
G43,Travel writing,54,Tony Hawks,2
G44,The Romantics & the English poetic canon,50,William Shakespeare,737
G44,The Romantics & the English poetic canon,50,John Keats,564
G44,The Romantics & the English poetic canon,50,William Wordsworth,526
G44,The Romantics & the English poetic canon,50,William Blake,480
G44,The Romantics & the English poetic canon,50,John Donne,434
G44,The Romantics & the English poetic canon,50,Lord Byron,430
G44,The Romantics & the English poetic canon,50,Robert Browning,367
G44,The Romantics & the English poetic canon,50,Samuel Taylor Coleridge,358
G44,The Romantics & the English poetic canon,50,Percy Bysshe Shelley,347
G44,The Romantics & the English poetic canon,50,John Milton,276
G44,The Romantics & the English poetic canon,50,Christina Rossetti,244
G44,The Romantics & the English poetic canon,50,Elizabeth Barrett Browning,225
G44,The Romantics & the English poetic canon,50,Gerard Manley Hopkins,188
G44,The Romantics & the English poetic canon,50,Edmund Spenser,163
G44,The Romantics & the English poetic canon,50,Christopher Marlowe,154
G44,The Romantics & the English poetic canon,50,Mary Wollstonecraft,144
G44,The Romantics & the English poetic canon,50,Ben Jonson,139
G44,The Romantics & the English poetic canon,50,George Herbert,136
G44,The Romantics & the English poetic canon,50,Aphra Behn,132
G44,The Romantics & the English poetic canon,50,Andrew Marvell,97
G44,The Romantics & the English poetic canon,50,Dante Gabriel Rossetti,87
G44,The Romantics & the English poetic canon,50,A.E. Housman,55
G44,The Romantics & the English poetic canon,50,Alfred Tennyson,34
G44,The Romantics & the English poetic canon,50,William Godwin,31
G44,The Romantics & the English poetic canon,50,Thomas Traherne,25
G44,The Romantics & the English poetic canon,50,William Hazlitt,22
G44,The Romantics & the English poetic canon,50,Philip Sidney,18
G44,The Romantics & the English poetic canon,50,Charles Lamb,16
G44,The Romantics & the English poetic canon,50,Robert Southey,15
G44,The Romantics & the English poetic canon,50,John Wilmot,14
G44,The Romantics & the English poetic canon,50,Samuel Taylor,14
G44,The Romantics & the English poetic canon,50,Mary Wollstonecraft Shelley,10
G44,The Romantics & the English poetic canon,50,Thomas Middleton,6
G44,The Romantics & the English poetic canon,50,Algernon Charles Swinburne,5
G44,The Romantics & the English poetic canon,50,Don Jordan,4
G44,The Romantics & the English poetic canon,50,Margaret Cavendish,4
G44,The Romantics & the English poetic canon,50,Michael Walsh,4
G44,The Romantics & the English poetic canon,50,Thomas Kyd,3
G44,The Romantics & the English poetic canon,50,Amanda Foreman,2
G44,The Romantics & the English poetic canon,50,Edward FitzGerald,2
G44,The Romantics & the English poetic canon,50,Francisco de Goya,2
G44,The Romantics & the English poetic canon,50,Howard Carter,2
G44,The Romantics & the English poetic canon,50,John Marston,2
G44,The Romantics & the English poetic canon,50,Robert Burton,2
G44,The Romantics & the English poetic canon,50,Robert Greene,2
G44,The Romantics & the English poetic canon,50,Stanley Wells,2
G44,The Romantics & the English poetic canon,50,Thomas Love Peacock,2
G44,The Romantics & the English poetic canon,50,Thomas Nashe,2
G44,The Romantics & the English poetic canon,50,Ward Just,2
G44,The Romantics & the English poetic canon,50,William Davenant,2
G45,Basketball & action-star memoir,49,Michael Jordan,84
G45,Basketball & action-star memoir,49,Kareem Abdul-Jabbar,36
G45,Basketball & action-star memoir,49,Arnold Schwarzenegger,25
G45,Basketball & action-star memoir,49,Wilt Chamberlain,25
G45,Basketball & action-star memoir,49,Shaquille O'Neal,24
G45,Basketball & action-star memoir,49,Larry Bird,21
G45,Basketball & action-star memoir,49,Sylvester Stallone,21
G45,Basketball & action-star memoir,49,George Foreman,18
G45,Basketball & action-star memoir,49,Bill Russell,17
G45,Basketball & action-star memoir,49,Phil Jackson,17
G45,Basketball & action-star memoir,49,Jerry West,14
G45,Basketball & action-star memoir,49,Wayne Gretzky,13
G45,Basketball & action-star memoir,49,Richard Branson,11
G45,Basketball & action-star memoir,49,Joe Frazier,10
G45,Basketball & action-star memoir,49,John Wooden,10
G45,Basketball & action-star memoir,49,Grant Hill,9
G45,Basketball & action-star memoir,49,Dean Smith,8
G45,Basketball & action-star memoir,49,Lance Armstrong,8
G45,Basketball & action-star memoir,49,Mike Krzyzewski,8
G45,Basketball & action-star memoir,49,Pat Riley,8
G45,Basketball & action-star memoir,49,Oscar De La Hoya,6
G45,Basketball & action-star memoir,49,Anita Roddick,5
G45,Basketball & action-star memoir,49,Ken Dryden,5
G45,Basketball & action-star memoir,49,Red Auerbach,5
G45,Basketball & action-star memoir,49,Charles Barkley,4
G45,Basketball & action-star memoir,49,Chris Mullin,4
G45,Basketball & action-star memoir,49,Jeremy Whittle,4
G45,Basketball & action-star memoir,49,Maria Shriver,4
G45,Basketball & action-star memoir,49,Phil Esposito,4
G45,Basketball & action-star memoir,49,Simon Cowell,4
G45,Basketball & action-star memoir,49,Tony Dungy,4
G45,Basketball & action-star memoir,49,William Fotheringham,4
G45,Basketball & action-star memoir,49,Dennis Rodman,3
G45,Basketball & action-star memoir,49,Angelo Dundee,2
G45,Basketball & action-star memoir,49,Bill Walsh,2
G45,Basketball & action-star memoir,49,Bo Jackson,2
G45,Basketball & action-star memoir,49,Bob Knight,2
G45,Basketball & action-star memoir,49,Conrad Black,2
G45,Basketball & action-star memoir,49,David Robinson,2
G45,Basketball & action-star memoir,49,Deloris Jordan,2
G45,Basketball & action-star memoir,49,Floyd Landis,2
G45,Basketball & action-star memoir,49,Jack Kent,2
G45,Basketball & action-star memoir,49,Jake LaMotta,2
G45,Basketball & action-star memoir,49,John Travolta,2
G45,Basketball & action-star memoir,49,Martin Brodeur,2
G45,Basketball & action-star memoir,49,Phil Mickelson,2
G45,Basketball & action-star memoir,49,Reggie Miller,2
G45,Basketball & action-star memoir,49,Sam Smith,2
G45,Basketball & action-star memoir,49,Tim Smit,2
G46,UK procedural & tartan noir,47,Geoffrey Chaucer,269
G46,UK procedural & tartan noir,47,Ian Rankin,128
G46,UK procedural & tartan noir,47,Peter Robinson,97
G46,UK procedural & tartan noir,47,Mark Billingham,94
G46,UK procedural & tartan noir,47,Peter James,87
G46,UK procedural & tartan noir,47,Stuart MacBride,57
G46,UK procedural & tartan noir,47,Robert Foster,50
G46,UK procedural & tartan noir,47,Val McDermid,42
G46,UK procedural & tartan noir,47,Peter Tremayne,40
G46,UK procedural & tartan noir,47,Alan Furst,25
G46,UK procedural & tartan noir,47,Gillian Linscott,24
G46,UK procedural & tartan noir,47,Christopher Brookmyre,16
G46,UK procedural & tartan noir,47,Sophie Hannah,13
G46,UK procedural & tartan noir,47,Martina Cole,11
G46,UK procedural & tartan noir,47,Michael Wood,9
G46,UK procedural & tartan noir,47,Sharan Newman,9
G46,UK procedural & tartan noir,47,Donna Leon,8
G46,UK procedural & tartan noir,47,Margaret Frazer,8
G46,UK procedural & tartan noir,47,Philip Kerr,8
G46,UK procedural & tartan noir,47,Susanna Gregory,7
G46,UK procedural & tartan noir,47,Alex Gray,6
G46,UK procedural & tartan noir,47,Denise Mina,6
G46,UK procedural & tartan noir,47,Michael Jecks,6
G46,UK procedural & tartan noir,47,Penny Smith,6
G46,UK procedural & tartan noir,47,Steve Mosby,6
G46,UK procedural & tartan noir,47,Andrea Camilleri,5
G46,UK procedural & tartan noir,47,Michael Dibdin,5
G46,UK procedural & tartan noir,47,Nicci French,5
G46,UK procedural & tartan noir,47,David Stuart Davies,4
G46,UK procedural & tartan noir,47,Gillian Galbraith,4
G46,UK procedural & tartan noir,47,Joseph Kanon,4
G46,UK procedural & tartan noir,47,Karen Campbell,4
G46,UK procedural & tartan noir,47,Lin Anderson,4
G46,UK procedural & tartan noir,47,Louise Welsh,4
G46,UK procedural & tartan noir,47,Mary Reed,4
G46,UK procedural & tartan noir,47,Michael Kurland,4
G46,UK procedural & tartan noir,47,Mo Hayder,4
G46,UK procedural & tartan noir,47,Peter May,4
G46,UK procedural & tartan noir,47,Elizabeth Goudge,3
G46,UK procedural & tartan noir,47,Mandasue Heller,3
G46,UK procedural & tartan noir,47,William Langland,3
G46,UK procedural & tartan noir,47,Derek Wilson,2
G46,UK procedural & tartan noir,47,Jill Marshall,2
G46,UK procedural & tartan noir,47,John Gower,2
G46,UK procedural & tartan noir,47,Meg Gardiner,2
G46,UK procedural & tartan noir,47,Michael Bond,2
G46,UK procedural & tartan noir,47,Michael Dean,2
G47,Multicultural American fiction,47,Sherman Alexie,187
G47,Multicultural American fiction,47,Sandra Cisneros,156
G47,Multicultural American fiction,47,Amy Tan,152
G47,Multicultural American fiction,47,Louise Erdrich,146
G47,Multicultural American fiction,47,Jamaica Kincaid,115
G47,Multicultural American fiction,47,Maxine Hong Kingston,85
G47,Multicultural American fiction,47,Julia Alvarez,65
G47,Multicultural American fiction,47,Leslie Marmon Silko,64
G47,Multicultural American fiction,47,Richard Bausch,51
G47,Multicultural American fiction,47,Bharati Mukherjee,45
G47,Multicultural American fiction,47,Erica Jong,34
G47,Multicultural American fiction,47,N. Scott Momaday,31
G47,Multicultural American fiction,47,James Welch,27
G47,Multicultural American fiction,47,Gerald Vizenor,19
G47,Multicultural American fiction,47,Linda Hogan,17
G47,Multicultural American fiction,47,D'Arcy McNickle,16
G47,Multicultural American fiction,47,Rita Mae Brown,16
G47,Multicultural American fiction,47,Gary Soto,15
G47,Multicultural American fiction,47,Gish Jen,15
G47,Multicultural American fiction,47,Frank Chin,12
G47,Multicultural American fiction,47,Jessica Hagedorn,12
G47,Multicultural American fiction,47,Hisaye Yamamoto,10
G47,Multicultural American fiction,47,Ernest J. Gaines,8
G47,Multicultural American fiction,47,Lisa See,8
G47,Multicultural American fiction,47,Madison Smartt Bell,8
G47,Multicultural American fiction,47,Mourning Dove,8
G47,Multicultural American fiction,47,Oscar Hijuelos,8
G47,Multicultural American fiction,47,Paula Gunn Allen,8
G47,Multicultural American fiction,47,Ana Castillo,7
G47,Multicultural American fiction,47,Arthur Golden,7
G47,Multicultural American fiction,47,Michael Dorris,7
G47,Multicultural American fiction,47,Michelle Cliff,5
G47,Multicultural American fiction,47,Azar Nafisi,4
G47,Multicultural American fiction,47,Richard Peck,4
G47,Multicultural American fiction,47,Susan Cheever,4
G47,Multicultural American fiction,47,Diane Glancy,3
G47,Multicultural American fiction,47,David Wong Louie,2
G47,Multicultural American fiction,47,Elizabeth Cook,2
G47,Multicultural American fiction,47,Eric Bogosian,2
G47,Multicultural American fiction,47,Esmeralda Santiago,2
G47,Multicultural American fiction,47,Frederick Busch,2
G47,Multicultural American fiction,47,James Alan McPherson,2
G47,Multicultural American fiction,47,Lee Maracle,2
G47,Multicultural American fiction,47,Pat Mora,2
G47,Multicultural American fiction,47,R. Zamora Linmark,2
G47,Multicultural American fiction,47,Thomas King,2
G47,Multicultural American fiction,47,Winona LaDuke,2
G48,Bestseller horror,47,Stephen King,1525
G48,Bestseller horror,47,Dean Koontz,284
G48,Bestseller horror,47,Clive Barker,241
G48,Bestseller horror,47,Anne Rice,173
G48,Bestseller horror,47,Bentley Little,61
G48,Bestseller horror,47,Richard Laymon,51
G48,Bestseller horror,47,Rod Serling,46
G48,Bestseller horror,47,Joe Hill,44
G48,Bestseller horror,47,John Saul,27
G48,Bestseller horror,47,Dan Simmons,26
G48,Bestseller horror,47,Jack Daniels,25
G48,Bestseller horror,47,Guillermo del Toro,20
G48,Bestseller horror,47,J.A. Konrath,19
G48,Bestseller horror,47,T.E.D. Klein,19
G48,Bestseller horror,47,Stewart O'Nan,18
G48,Bestseller horror,47,M. Night Shyamalan,14
G48,Bestseller horror,47,Blake Crouch,7
G48,Bestseller horror,47,Frank Darabont,7
G48,Bestseller horror,47,Sarah Pinborough,7
G48,Bestseller horror,47,Tori Amos,6
G48,Bestseller horror,47,William Peter Blatty,6
G48,Bestseller horror,47,Iain Banks,5
G48,Bestseller horror,47,John Ajvide Lindqvist,5
G48,Bestseller horror,47,Kiana Davenport,5
G48,Bestseller horror,47,Rocky Wood,5
G48,Bestseller horror,47,Chuck Hogan,4
G48,Bestseller horror,47,George Beahm,4
G48,Bestseller horror,47,Kevin Quigley,4
G48,Bestseller horror,47,Nancy Etchemendy,4
G48,Bestseller horror,47,Justin Cronin,3
G48,Bestseller horror,47,Roberto Aguirre-Sacasa,3
G48,Bestseller horror,47,Christopher Pike,2
G48,Bestseller horror,47,C.S. Marks,2
G48,Bestseller horror,47,Darren Shan,2
G48,Bestseller horror,47,Elizabeth Graver,2
G48,Bestseller horror,47,Emerson Spartz,2
G48,Bestseller horror,47,Iain M. Banks,2
G48,Bestseller horror,47,Lauren Beukes,2
G48,Bestseller horror,47,Lois Duncan,2
G48,Bestseller horror,47,Nigel Kneale,2
G48,Bestseller horror,47,Paul Williams,2
G48,Bestseller horror,47,Richard Bachman,2
G48,Bestseller horror,47,Robert Payne,2
G48,Bestseller horror,47,Robin Furth,2
G48,Bestseller horror,47,Scott Snyder,2
G48,Bestseller horror,47,S.E. Hinton,2
G48,Bestseller horror,47,Ted Dekker,2
G49,Experimental & feminist poetics,46,Dorothy Allison,47
G49,Experimental & feminist poetics,46,Harryette Mullen,28
G49,Experimental & feminist poetics,46,Eleni Sikelianos,24
G49,Experimental & feminist poetics,46,Juliana Spahr,24
G49,Experimental & feminist poetics,46,Susan Howe,21
G49,Experimental & feminist poetics,46,Bhanu Kapil,18
G49,Experimental & feminist poetics,46,Lisa Robertson,17
G49,Experimental & feminist poetics,46,Shani Mootoo,17
G49,Experimental & feminist poetics,46,Bernadette Mayer,14
G49,Experimental & feminist poetics,46,Charles Bernstein,14
G49,Experimental & feminist poetics,46,Karen Volkman,14
G49,Experimental & feminist poetics,46,Nicole Brossard,12
G49,Experimental & feminist poetics,46,Carol Queen,10
G49,Experimental & feminist poetics,46,Cecilia Tan,10
G49,Experimental & feminist poetics,46,Kristin Prevallet,10
G49,Experimental & feminist poetics,46,Lyn Hejinian,10
G49,Experimental & feminist poetics,46,Theresa Hak Kyung Cha,10
G49,Experimental & feminist poetics,46,Dennis Lee,9
G49,Experimental & feminist poetics,46,Lisa Jarnot,9
G49,Experimental & feminist poetics,46,Rachel Kramer Bussel,9
G49,Experimental & feminist poetics,46,Ron Silliman,9
G49,Experimental & feminist poetics,46,Francesca Lia Block,8
G49,Experimental & feminist poetics,46,Joan Nestle,8
G49,Experimental & feminist poetics,46,Sara Maitland,8
G49,Experimental & feminist poetics,46,Shay Youngblood,8
G49,Experimental & feminist poetics,46,Dionne Brand,7
G49,Experimental & feminist poetics,46,Achy Obejas,6
G49,Experimental & feminist poetics,46,Daphne Marlatt,6
G49,Experimental & feminist poetics,46,Dodie Bellamy,6
G49,Experimental & feminist poetics,46,Graham Foust,4
G49,Experimental & feminist poetics,46,Laura Moriarty,4
G49,Experimental & feminist poetics,46,Minnie Bruce Pratt,4
G49,Experimental & feminist poetics,46,Rosmarie Waldrop,4
G49,Experimental & feminist poetics,46,Tristan Taormino,4
G49,Experimental & feminist poetics,46,Saskia Walker,3
G49,Experimental & feminist poetics,46,Danielle Dutton,2
G49,Experimental & feminist poetics,46,Fred Moten,2
G49,Experimental & feminist poetics,46,Jenifer Levin,2
G49,Experimental & feminist poetics,46,Jenny Boully,2
G49,Experimental & feminist poetics,46,Kate Bornstein,2
G49,Experimental & feminist poetics,46,Laura Antoniou,2
G49,Experimental & feminist poetics,46,Leonardo Padura,2
G49,Experimental & feminist poetics,46,Margaret Randall,2
G49,Experimental & feminist poetics,46,Marjorie Perloff,2
G49,Experimental & feminist poetics,46,Shyam Selvadurai,2
G49,Experimental & feminist poetics,46,Violet Blue,2
G50,The classic weird tale,45,Ambrose Bierce,672
G50,The classic weird tale,45,Washington Irving,411
G50,The classic weird tale,45,Guy de Maupassant,400
G50,The classic weird tale,45,Charlotte Perkins Gilman,302
G50,The classic weird tale,45,Walter de la Mare,253
G50,The classic weird tale,45,Lord Dunsany,214
G50,The classic weird tale,45,Algernon Blackwood,209
G50,The classic weird tale,45,Arthur Machen,179
G50,The classic weird tale,45,M.R. James,137
G50,The classic weird tale,45,E. Nesbit,119
G50,The classic weird tale,45,F. Marion Crawford,111
G50,The classic weird tale,45,William Hope Hodgson,109
G50,The classic weird tale,45,Lafcadio Hearn,108
G50,The classic weird tale,45,Robert W. Chambers,98
G50,The classic weird tale,45,Robert Aickman,76
G50,The classic weird tale,45,Mary E. Wilkins Freeman,75
G50,The classic weird tale,45,Elizabeth Gaskell,74
G50,The classic weird tale,45,Charles Brockden Brown,60
G50,The classic weird tale,45,W.W. Jacobs,58
G50,The classic weird tale,45,J. Sheridan Le Fanu,56
G50,The classic weird tale,45,Fitz-James O'Brien,53
G50,The classic weird tale,45,May Sinclair,47
G50,The classic weird tale,45,Amelia B. Edwards,45
G50,The classic weird tale,45,Edward Lucas,45
G50,The classic weird tale,45,Gertrude Atherton,38
G50,The classic weird tale,45,Oliver Onions,31
G50,The classic weird tale,45,Thomas de Quincey,30
G50,The classic weird tale,45,Montague Summers,15
G50,The classic weird tale,45,Edward Bulwer-Lytton,12
G50,The classic weird tale,45,L.P. Hartley,10
G50,The classic weird tale,45,Mary Elizabeth Braddon,10
G50,The classic weird tale,45,Mrs. Henry Wood,10
G50,The classic weird tale,45,Ralph Adams Cram,8
G50,The classic weird tale,45,Elizabeth Jane Howard,6
G50,The classic weird tale,45,Ellen Glasgow,5
G50,The classic weird tale,45,Jean Ray,5
G50,The classic weird tale,45,Ellis Parker Butler,4
G50,The classic weird tale,45,Fletcher Pratt,4
G50,The classic weird tale,45,George Armstrong Custer,4
G50,The classic weird tale,45,Diedrich Knickerbocker,2
G50,The classic weird tale,45,Don Juan Manuel,2
G50,The classic weird tale,45,Jean Lorrain,2
G50,The classic weird tale,45,Octave Mirbeau,2
G50,The classic weird tale,45,Rose Fyleman,2
G50,The classic weird tale,45,Tom Carhart,2
G51,Children's & crossover UK,43,Vladimir Nabokov,514
G51,Children's & crossover UK,43,Roald Dahl,389
G51,Children's & crossover UK,43,Rabindranath Tagore,115
G51,Children's & crossover UK,43,Margaret Drabble,54
G51,Children's & crossover UK,43,Ken Follett,50
G51,Children's & crossover UK,43,Robert Macfarlane,46
G51,Children's & crossover UK,43,Patrick Ness,40
G51,Children's & crossover UK,43,Tessa Hadley,30
G51,Children's & crossover UK,43,Lemony Snicket,28
G51,Children's & crossover UK,43,Tony Robinson,28
G51,Children's & crossover UK,43,Judy Blume,16
G51,Children's & crossover UK,43,Beverly Cleary,15
G51,Children's & crossover UK,43,Jacqueline Wilson,15
G51,Children's & crossover UK,43,Malorie Blackman,12
G51,Children's & crossover UK,43,Jean Stafford,11
G51,Children's & crossover UK,43,Roger Deakin,11
G51,Children's & crossover UK,43,David Almond,9
G51,Children's & crossover UK,43,Chris Grabenstein,7
G51,Children's & crossover UK,43,Meg Rosoff,6
G51,Children's & crossover UK,43,Andy Stanton,5
G51,Children's & crossover UK,43,Eleanor Estes,5
G51,Children's & crossover UK,43,Trenton Lee Stewart,5
G51,Children's & crossover UK,43,Enid Blyton,4
G51,Children's & crossover UK,43,Helen Macdonald,4
G51,Children's & crossover UK,43,Jenny Downham,4
G51,Children's & crossover UK,43,Michael Morpurgo,4
G51,Children's & crossover UK,43,Paul Zindel,4
G51,Children's & crossover UK,43,Robert Cormier,4
G51,Children's & crossover UK,43,Sophie McKenzie,4
G51,Children's & crossover UK,43,William Steig,4
G51,Children's & crossover UK,43,Cathy Cassidy,3
G51,Children's & crossover UK,43,Edward Rutherfurd,3
G51,Children's & crossover UK,43,Kathleen Jamie,3
G51,Children's & crossover UK,43,Pseudonymous Bosch,3
G51,Children's & crossover UK,43,Anne Fine,2
G51,Children's & crossover UK,43,Arthur Ransome,2
G51,Children's & crossover UK,43,Dick King-Smith,2
G51,Children's & crossover UK,43,Frank Cottrell Boyce,2
G51,Children's & crossover UK,43,Gene Wilder,2
G51,Children's & crossover UK,43,Jeremy Strong,2
G51,Children's & crossover UK,43,Kevin Brooks,2
G51,Children's & crossover UK,43,Mark Haddon,2
G51,Children's & crossover UK,43,Richard Curtis,2
G52,Southern & grit lit,42,Cormac McCarthy,266
G52,Southern & grit lit,42,Robert Olen Butler,85
G52,Southern & grit lit,42,Larry Brown,60
G52,Southern & grit lit,42,Lee Smith,58
G52,Southern & grit lit,42,Robert Morgan,44
G52,Southern & grit lit,42,Fred Chappell,42
G52,Southern & grit lit,42,Harry Crews,42
G52,Southern & grit lit,42,Clyde Edgerton,40
G52,Southern & grit lit,42,James Dickey,35
G52,Southern & grit lit,42,Tim O'Brien,35
G52,Southern & grit lit,42,Jill McCorkle,32
G52,Southern & grit lit,42,Ron Rash,22
G52,Southern & grit lit,42,Daniel Wallace,19
G52,Southern & grit lit,42,Abraham Verghese,18
G52,Southern & grit lit,42,Pinckney Benedict,18
G52,Southern & grit lit,42,Randall Kenan,14
G52,Southern & grit lit,42,Elizabeth Spencer,12
G52,Southern & grit lit,42,James Still,12
G52,Southern & grit lit,42,Charles Frazier,10
G52,Southern & grit lit,42,Chris Offutt,10
G52,Southern & grit lit,42,Michael Malone,10
G52,Southern & grit lit,42,Peggy Payne,10
G52,Southern & grit lit,42,Doris Betts,9
G52,Southern & grit lit,42,Eric Hoffer,8
G52,Southern & grit lit,42,Michael Knight,8
G52,Southern & grit lit,42,Michael Parker,8
G52,Southern & grit lit,42,Tony Earley,8
G52,Southern & grit lit,42,Donald Ray Pollock,7
G52,Southern & grit lit,42,Angela Davis-Gardner,6
G52,Southern & grit lit,42,June Spence,6
G52,Southern & grit lit,42,Pamela Duncan,6
G52,Southern & grit lit,42,Ben Fountain,4
G52,Southern & grit lit,42,George Ella Lyon,4
G52,Southern & grit lit,42,Kevin Brockmeier,4
G52,Southern & grit lit,42,Owen Thomas,4
G52,Southern & grit lit,42,Philip Caputo,4
G52,Southern & grit lit,42,Silas House,3
G52,Southern & grit lit,42,Charles Bronson,2
G52,Southern & grit lit,42,Frances Mayes,2
G52,Southern & grit lit,42,Kirk Curnutt,2
G52,Southern & grit lit,42,Melanie Sumner,2
G52,Southern & grit lit,42,Rick DeMarinis,2
G53,South Asian literature,42,Jhumpa Lahiri,118
G53,South Asian literature,42,Anita Desai,92
G53,South Asian literature,42,Arundhati Roy,81
G53,South Asian literature,42,Vikram Seth,81
G53,South Asian literature,42,R K Narayan,70
G53,South Asian literature,42,Jawaharlal Nehru,68
G53,South Asian literature,42,Kiran Desai,67
G53,South Asian literature,42,Rohinton Mistry,67
G53,South Asian literature,42,Ruth Prawer Jhabvala,65
G53,South Asian literature,42,Amit Chaudhuri,64
G53,South Asian literature,42,Nirad C. Chaudhuri,63
G53,South Asian literature,42,Kamala Markandaya,60
G53,South Asian literature,42,Gita Mehta,59
G53,South Asian literature,42,Upamanyu Chatterjee,57
G53,South Asian literature,42,Satyajit Ray,55
G53,South Asian literature,42,Saadat Hasan Manto,53
G53,South Asian literature,42,Amitav Ghosh,50
G53,South Asian literature,42,Nayantara Sahgal,49
G53,South Asian literature,42,Sara Suleri,49
G53,South Asian literature,42,Shashi Tharoor,49
G53,South Asian literature,42,Bapsi Sidhwa,47
G53,South Asian literature,42,Mulk Raj Anand,47
G53,South Asian literature,42,Anjana Appachana,46
G53,South Asian literature,42,Ardashir Vakil,46
G53,South Asian literature,42,Githa Hariharan,46
G53,South Asian literature,42,Vikram Chandra,46
G53,South Asian literature,42,Ruskin Bond,12
G53,South Asian literature,42,Akhil Sharma,8
G53,South Asian literature,42,Jim Corbett,8
G53,South Asian literature,42,Manil Suri,8
G53,South Asian literature,42,Sudha Murty,8
G53,South Asian literature,42,R.K. Narayan,6
G53,South Asian literature,42,Ariel Dorfman,4
G53,South Asian literature,42,G.V. Desani,4
G53,South Asian literature,42,Munshi Premchand,4
G53,South Asian literature,42,Qurratulain Hyder,4
G53,South Asian literature,42,Amrita Pritam,3
G53,South Asian literature,42,Ismat Chughtai,2
G53,South Asian literature,42,Lee Kuan Yew,2
G53,South Asian literature,42,P.V. Narasimha Rao,2
G53,South Asian literature,42,R.K. Laxman,2
G53,South Asian literature,42,Sorayya Khan,2
G54,The New Yorker institution,42,John Updike,907
G54,The New Yorker institution,42,Malcolm Gladwell,104
G54,The New Yorker institution,42,Pauline Kael,77
G54,The New Yorker institution,42,Roger Angell,62
G54,The New Yorker institution,42,Jill Lepore,46
G54,The New Yorker institution,42,David Remnick,40
G54,The New Yorker institution,42,John Gardner,34
G54,The New Yorker institution,42,Jonathan Schell,28
G54,The New Yorker institution,42,Geoff Dyer,26
G54,The New Yorker institution,42,Seth Godin,20
G54,The New Yorker institution,42,Nicholson Baker,17
G54,The New Yorker institution,42,Andrew Sarris,16
G54,The New Yorker institution,42,James Wolcott,14
G54,The New Yorker institution,42,Michel Faber,14
G54,The New Yorker institution,42,Dan Ariely,13
G54,The New Yorker institution,42,Daniel Kahneman,13
G54,The New Yorker institution,42,Douglas Coupland,8
G54,The New Yorker institution,42,Gilbert Sorrentino,8
G54,The New Yorker institution,42,Roger Ebert,8
G54,The New Yorker institution,42,John Jeremiah Sullivan,7
G54,The New Yorker institution,42,Alastair Reid,6
G54,The New Yorker institution,42,Gretchen Rubin,6
G54,The New Yorker institution,42,Guy Kawasaki,6
G54,The New Yorker institution,42,Richard Schickel,5
G54,The New Yorker institution,42,Ben Shahn,4
G54,The New Yorker institution,42,Gary Indiana,4
G54,The New Yorker institution,42,J. Hoberman,4
G54,The New Yorker institution,42,Lee K. Abbott,4
G54,The New Yorker institution,42,Miriam Toews,4
G54,The New Yorker institution,42,Rebecca Miller,4
G54,The New Yorker institution,42,Jared Diamond,3
G54,The New Yorker institution,42,Al Ries,2
G54,The New Yorker institution,42,Charlene Li,2
G54,The New Yorker institution,42,David Allen,2
G54,The New Yorker institution,42,Dennis McFarland,2
G54,The New Yorker institution,42,Glenway Wescott,2
G54,The New Yorker institution,42,James McBride,2
G54,The New Yorker institution,42,Larry Woiwode,2
G54,The New Yorker institution,42,Leo Babauta,2
G54,The New Yorker institution,42,Paul Quarrington,2
G54,The New Yorker institution,42,Steven D. Levitt,2
G54,The New Yorker institution,42,Willis Barnstone,2
G55,Mid-century Britain,42,George Orwell,535
G55,Mid-century Britain,42,Graham Greene,450
G55,Mid-century Britain,42,Evelyn Waugh,344
G55,Mid-century Britain,42,Aldous Huxley,229
G55,Mid-century Britain,42,Stephen Spender,83
G55,Mid-century Britain,42,Joseph Heller,78
G55,Mid-century Britain,42,Kingsley Amis,71
G55,Mid-century Britain,42,Edith Sitwell,45
G55,Mid-century Britain,42,Anthony Burgess,37
G55,Mid-century Britain,42,Thomas More,28
G55,Mid-century Britain,42,Robert Stone,23
G55,Mid-century Britain,42,Anthony Powell,16
G55,Mid-century Britain,42,Cyril Connolly,15
G55,Mid-century Britain,42,Eric Ambler,13
G55,Mid-century Britain,42,Joseph Goebbels,13
G55,Mid-century Britain,42,V.S. Naipaul,13
G55,Mid-century Britain,42,Leni Riefenstahl,9
G55,Mid-century Britain,42,Malcolm Muggeridge,9
G55,Mid-century Britain,42,John Braine,8
G55,Mid-century Britain,42,Nancy Mitford,8
G55,Mid-century Britain,42,George Gissing,7
G55,Mid-century Britain,42,Henry Green,6
G55,Mid-century Britain,42,Albert Speer,5
G55,Mid-century Britain,42,C.P. Snow,4
G55,Mid-century Britain,42,Keith Waterhouse,4
G55,Mid-century Britain,42,Kim Philby,4
G55,Mid-century Britain,42,Hans Holbein,3
G55,Mid-century Britain,42,John Fisher,3
G55,Mid-century Britain,42,Alec Guinness,2
G55,Mid-century Britain,42,C.L.R. James,2
G55,Mid-century Britain,42,David Storey,2
G55,Mid-century Britain,42,Diana Cooper,2
G55,Mid-century Britain,42,Georges Bernanos,2
G55,Mid-century Britain,42,Harold Acton,2
G55,Mid-century Britain,42,James Fadiman,2
G55,Mid-century Britain,42,Joseph Pearce,2
G55,Mid-century Britain,42,Malcolm Bradbury,2
G55,Mid-century Britain,42,Michael Shelden,2
G55,Mid-century Britain,42,Oscar Levant,2
G55,Mid-century Britain,42,Robert Bolt,2
G55,Mid-century Britain,42,Robert Conquest,2
G55,Mid-century Britain,42,Stella Gibbons,2
G56,Doctor Who/Torchwood + kids' fiction,42,John Barrowman,30
G56,Doctor Who/Torchwood + kids' fiction,42,David Lloyd,29
G56,Doctor Who/Torchwood + kids' fiction,42,Gwen Cooper,28
G56,Doctor Who/Torchwood + kids' fiction,42,Russell T. Davies,25
G56,Doctor Who/Torchwood + kids' fiction,42,Anthony Horowitz,22
G56,Doctor Who/Torchwood + kids' fiction,42,Walter Dean Myers,22
G56,Doctor Who/Torchwood + kids' fiction,42,Jeff Kinney,18
G56,Doctor Who/Torchwood + kids' fiction,42,Jacqueline Woodson,16
G56,Doctor Who/Torchwood + kids' fiction,42,David Lubar,15
G56,Doctor Who/Torchwood + kids' fiction,42,Jack Gantos,15
G56,Doctor Who/Torchwood + kids' fiction,42,Eoin Colfer,14
G56,Doctor Who/Torchwood + kids' fiction,42,Christopher Paul Curtis,12
G56,Doctor Who/Torchwood + kids' fiction,42,David Yoo,12
G56,Doctor Who/Torchwood + kids' fiction,42,Katherine Paterson,12
G56,Doctor Who/Torchwood + kids' fiction,42,Paul Feig,12
G56,Doctor Who/Torchwood + kids' fiction,42,Chris Lynch,10
G56,Doctor Who/Torchwood + kids' fiction,42,Jerry Spinelli,9
G56,Doctor Who/Torchwood + kids' fiction,42,Raina Telgemeier,9
G56,Doctor Who/Torchwood + kids' fiction,42,Billie Piper,8
G56,Doctor Who/Torchwood + kids' fiction,42,Norma Fox Mazer,8
G56,Doctor Who/Torchwood + kids' fiction,42,Sarah Mlynowski,8
G56,Doctor Who/Torchwood + kids' fiction,42,Lauren Myracle,7
G56,Doctor Who/Torchwood + kids' fiction,42,Robert Muchamore,7
G56,Doctor Who/Torchwood + kids' fiction,42,Wendy Mass,7
G56,Doctor Who/Torchwood + kids' fiction,42,Alex Scarrow,6
G56,Doctor Who/Torchwood + kids' fiction,42,Louis Sachar,6
G56,Doctor Who/Torchwood + kids' fiction,42,Mark Gatiss,6
G56,Doctor Who/Torchwood + kids' fiction,42,Charlie Higson,5
G56,Doctor Who/Torchwood + kids' fiction,42,Virginia Euwer Wolff,5
G56,Doctor Who/Torchwood + kids' fiction,42,Chris Crutcher,4
G56,Doctor Who/Torchwood + kids' fiction,42,Chris Manby,4
G56,Doctor Who/Torchwood + kids' fiction,42,Jeremy Dyson,4
G56,Doctor Who/Torchwood + kids' fiction,42,Lynda Curnyn,4
G56,Doctor Who/Torchwood + kids' fiction,42,Matt de la Pena,4
G56,Doctor Who/Torchwood + kids' fiction,42,Raymond Briggs,4
G56,Doctor Who/Torchwood + kids' fiction,42,Dave Roman,3
G56,Doctor Who/Torchwood + kids' fiction,42,Gary D. Schmidt,3
G56,Doctor Who/Torchwood + kids' fiction,42,Jennifer L. Holm,2
G56,Doctor Who/Torchwood + kids' fiction,42,John Vernon Lord,2
G56,Doctor Who/Torchwood + kids' fiction,42,Matt Hills,2
G56,Doctor Who/Torchwood + kids' fiction,42,Rachel Vail,2
G56,Doctor Who/Torchwood + kids' fiction,42,Sharon Creech,2
G57,German-language modernists,40,Franz Kafka,652
G57,German-language modernists,40,Thomas Mann,398
G57,German-language modernists,40,Bertolt Brecht,142
G57,German-language modernists,40,Joseph Roth,56
G57,German-language modernists,40,Hermann Hesse,50
G57,German-language modernists,40,Karl Kraus,45
G57,German-language modernists,40,Robert Musil,42
G57,German-language modernists,40,Robert Walser,26
G57,German-language modernists,40,Stefan Zweig,24
G57,German-language modernists,40,Heinrich Mann,19
G57,German-language modernists,40,Bruno Schulz,16
G57,German-language modernists,40,Elias Canetti,15
G57,German-language modernists,40,Kenneth Burke,14
G57,German-language modernists,40,Gustav Meyrink,13
G57,German-language modernists,40,Hermann Broch,13
G57,German-language modernists,40,Italo Svevo,13
G57,German-language modernists,40,Bohumil Hrabal,12
G57,German-language modernists,40,Wolfgang Koeppen,12
G57,German-language modernists,40,Ludwig Tieck,10
G57,German-language modernists,40,Jan Neruda,9
G57,German-language modernists,40,Max Brod,9
G57,German-language modernists,40,Hugo von Hofmannsthal,8
G57,German-language modernists,40,Peter Handke,6
G57,German-language modernists,40,Klaus Mann,5
G57,German-language modernists,40,Anna Seghers,4
G57,German-language modernists,40,Arthur Schnitzler,4
G57,German-language modernists,40,Otto Weininger,4
G57,German-language modernists,40,Reiner Stach,3
G57,German-language modernists,40,Adalbert Stifter,2
G57,German-language modernists,40,Carl Zuckmayer,2
G57,German-language modernists,40,Elfriede Jelinek,2
G57,German-language modernists,40,Ernst Toller,2
G57,German-language modernists,40,Georg Trakl,2
G57,German-language modernists,40,Golo Mann,2
G57,German-language modernists,40,Heinrich Heine,2
G57,German-language modernists,40,Irmgard Keun,2
G57,German-language modernists,40,Jaroslav Seifert,2
G57,German-language modernists,40,Leo Perutz,2
G57,German-language modernists,40,Ralph Freedman,2
G57,German-language modernists,40,Roberto Calasso,2
G58,New Journalism & literary celebrity,40,Truman Capote,553
G58,New Journalism & literary celebrity,40,Norman Mailer,446
G58,New Journalism & literary celebrity,40,Joan Didion,317
G58,New Journalism & literary celebrity,40,Tom Wolfe,261
G58,New Journalism & literary celebrity,40,Gore Vidal,250
G58,New Journalism & literary celebrity,40,Hunter S. Thompson,246
G58,New Journalism & literary celebrity,40,Gay Talese,63
G58,New Journalism & literary celebrity,40,Jimmy Breslin,56
G58,New Journalism & literary celebrity,40,J.D. Salinger,50
G58,New Journalism & literary celebrity,40,Harper Lee,46
G58,New Journalism & literary celebrity,40,Ted Conover,23
G58,New Journalism & literary celebrity,40,Pete Hamill,20
G58,New Journalism & literary celebrity,40,Richard Ben Cramer,15
G58,New Journalism & literary celebrity,40,Bob Greene,13
G58,New Journalism & literary celebrity,40,Mike Royko,12
G58,New Journalism & literary celebrity,40,Jimmy Buffett,11
G58,New Journalism & literary celebrity,40,Lee Radziwill,11
G58,New Journalism & literary celebrity,40,John Rechy,10
G58,New Journalism & literary celebrity,40,Ron Rosenbaum,10
G58,New Journalism & literary celebrity,40,Jacqueline Susann,8
G58,New Journalism & literary celebrity,40,Willie Morris,8
G58,New Journalism & literary celebrity,40,Michael Herr,7
G58,New Journalism & literary celebrity,40,Tom Robinson,5
G58,New Journalism & literary celebrity,40,Al Stump,4
G58,New Journalism & literary celebrity,40,Gary Smith,4
G58,New Journalism & literary celebrity,40,Jonathan Yardley,4
G58,New Journalism & literary celebrity,40,Pete Dexter,4
G58,New Journalism & literary celebrity,40,Ralph Steadman,3
G58,New Journalism & literary celebrity,40,Billy Bragg,2
G58,New Journalism & literary celebrity,40,Dan Jenkins,2
G58,New Journalism & literary celebrity,40,Giancarlo De Cataldo,2
G58,New Journalism & literary celebrity,40,Jack Henry Abbott,2
G58,New Journalism & literary celebrity,40,Jack Newfield,2
G58,New Journalism & literary celebrity,40,John Gregory Dunne,2
G58,New Journalism & literary celebrity,40,John Walsh,2
G58,New Journalism & literary celebrity,40,Mark Kram,2
G58,New Journalism & literary celebrity,40,Melissa Holbrook Pierson,2
G58,New Journalism & literary celebrity,40,Richard Norton Smith,2
G58,New Journalism & literary celebrity,40,Robert Sullivan,2
G58,New Journalism & literary celebrity,40,William McKeen,2
G59,Historical fiction: Rome to Tudor,40,Bernard Cornwell,95
G59,Historical fiction: Rome to Tudor,40,Conn Iggulden,82
G59,Historical fiction: Rome to Tudor,40,Simon Scarrow,58
G59,Historical fiction: Rome to Tudor,40,Saul David,46
G59,Historical fiction: Rome to Tudor,40,Philippa Gregory,42
G59,Historical fiction: Rome to Tudor,40,Kate Mosse,36
G59,Historical fiction: Rome to Tudor,40,Marcus Aurelius,30
G59,Historical fiction: Rome to Tudor,40,Ben Kane,24
G59,Historical fiction: Rome to Tudor,40,Steven Saylor,17
G59,Historical fiction: Rome to Tudor,40,C.J. Sansom,15
G59,Historical fiction: Rome to Tudor,40,Tracy Chevalier,14
G59,Historical fiction: Rome to Tudor,40,Alison Weir,13
G59,Historical fiction: Rome to Tudor,40,Robert Cooper,13
G59,Historical fiction: Rome to Tudor,40,Sarah Dunant,13
G59,Historical fiction: Rome to Tudor,40,Elizabeth Chadwick,12
G59,Historical fiction: Rome to Tudor,40,George MacDonald Fraser,12
G59,Historical fiction: Rome to Tudor,40,Gordon Corrigan,8
G59,Historical fiction: Rome to Tudor,40,Joanne Harris,8
G59,Historical fiction: Rome to Tudor,40,Nigel Jones,8
G59,Historical fiction: Rome to Tudor,40,Patrick Bishop,8
G59,Historical fiction: Rome to Tudor,40,Wilbur Smith,8
G59,Historical fiction: Rome to Tudor,40,Steven Pressfield,7
G59,Historical fiction: Rome to Tudor,40,Alexander Kent,6
G59,Historical fiction: Rome to Tudor,40,David Ball,6
G59,Historical fiction: Rome to Tudor,40,Rose Tremain,6
G59,Historical fiction: Rome to Tudor,40,Stella Duffy,6
G59,Historical fiction: Rome to Tudor,40,Barbara Erskine,5
G59,Historical fiction: Rome to Tudor,40,Julian Fellowes,5
G59,Historical fiction: Rome to Tudor,40,Manda Scott,5
G59,Historical fiction: Rome to Tudor,40,Anne George,4
G59,Historical fiction: Rome to Tudor,40,Chris James,4
G59,Historical fiction: Rome to Tudor,40,Harry Sidebottom,4
G59,Historical fiction: Rome to Tudor,40,Katherine Howard,4
G59,Historical fiction: Rome to Tudor,40,Kathy Lette,4
G59,Historical fiction: Rome to Tudor,40,Robyn Young,4
G59,Historical fiction: Rome to Tudor,40,Stephen Brumwell,4
G59,Historical fiction: Rome to Tudor,40,Dorothy Dunnett,2
G59,Historical fiction: Rome to Tudor,40,James L. Nelson,2
G59,Historical fiction: Rome to Tudor,40,Linda Grant,2
G59,Historical fiction: Rome to Tudor,40,Salley Vickers,2
G60,Statesmen & Cold War,40,Henry Kissinger,42
G60,Statesmen & Cold War,40,Colin Powell,34
G60,Statesmen & Cold War,40,Dwight D. Eisenhower,30
G60,Statesmen & Cold War,40,Douglas MacArthur,28
G60,Statesmen & Cold War,40,Richard M. Nixon,26
G60,Statesmen & Cold War,40,Robert F. Kennedy,26
G60,Statesmen & Cold War,40,Joseph Stalin,24
G60,Statesmen & Cold War,40,Lyndon B. Johnson,24
G60,Statesmen & Cold War,40,Golda Meir,18
G60,Statesmen & Cold War,40,Moshe Dayan,15
G60,Statesmen & Cold War,40,Anwar Sadat,14
G60,Statesmen & Cold War,40,William Penn,13
G60,Statesmen & Cold War,40,Ariel Sharon,11
G60,Statesmen & Cold War,40,John Smith,10
G60,Statesmen & Cold War,40,George Fox,9
G60,Statesmen & Cold War,40,Vladimir Putin,9
G60,Statesmen & Cold War,40,Erwin Rommel,8
G60,Statesmen & Cold War,40,Menachem Begin,8
G60,Statesmen & Cold War,40,Nikita Khrushchev,8
G60,Statesmen & Cold War,40,Benjamin Netanyahu,7
G60,Statesmen & Cold War,40,Bernard Montgomery,7
G60,Statesmen & Cold War,40,Mao Zedong,6
G60,Statesmen & Cold War,40,Dean Acheson,4
G60,Statesmen & Cold War,40,Gerald R. Ford,4
G60,Statesmen & Cold War,40,John Rolfe,4
G60,Statesmen & Cold War,40,Tommy Franks,4
G60,Statesmen & Cold War,40,John Woolman,3
G60,Statesmen & Cold War,40,Leonard Sweet,3
G60,Statesmen & Cold War,40,Alexander Litvinenko,2
G60,Statesmen & Cold War,40,Bob Schieffer,2
G60,Statesmen & Cold War,40,Donald J. Trump,2
G60,Statesmen & Cold War,40,Francis Gary Powers,2
G60,Statesmen & Cold War,40,George H.W. Bush,2
G60,Statesmen & Cold War,40,George Marshall,2
G60,Statesmen & Cold War,40,Heinz Guderian,2
G60,Statesmen & Cold War,40,John Foster,2
G60,Statesmen & Cold War,40,Norman Schwarzkopf,2
G60,Statesmen & Cold War,40,Richard Holbrooke,2
G60,Statesmen & Cold War,40,Rosemary Sullivan,2
G60,Statesmen & Cold War,40,Samuel P. Huntington,2
G61,,40,Edmund Hillary,37
G61,,40,Roald Amundsen,34
G61,,40,Tenzing Norgay,33
G61,,40,Ernest Shackleton,30
G61,,40,Robert Falcon Scott,28
G61,,40,Miles Franklin,19
G61,,40,Xavier Herbert,17
G61,,40,David Malouf,16
G61,,40,Chris Bonington,15
G61,,40,Reinhold Messner,15
G61,,40,Robert Scott,13
G61,,40,Bear Grylls,12
G61,,40,Tim Flannery,12
G61,,40,Jamling Tenzing Norgay,10
G61,,40,Les Murray,10
G61,,40,Murray Bail,10
G61,,40,Thea Astley,10
G61,,40,Elizabeth Jolley,8
G61,,40,Inga Clendinnen,8
G61,,40,Patricia Wrightson,8
G61,,40,Ruth Park,8
G61,,40,Christina Stead,6
G61,,40,Douglas Mawson,6
G61,,40,Frank Hurley,6
G61,,40,Helen Garner,6
G61,,40,Kate Jennings,4
G61,,40,Ned Kelly,4
G61,,40,Richard Flanagan,4
G61,,40,Robert Dessaix,4
G61,,40,Walter Bonatti,4
G61,,40,David Marr,2
G61,,40,Edward Wilson,2
G61,,40,Fridtjof Nansen,2
G61,,40,George Johnston,2
G61,,40,Henry Reynolds,2
G61,,40,Joe Tasker,2
G61,,40,Patrick White,2
G61,,40,Randolph Stow,2
G61,,40,Thomas Keneally,2
G61,,40,Tim Winton,2
G62,,39,Vincent van Gogh,87
G62,,39,John Cage,74
G62,,39,Frank Lloyd Wright,68
G62,,39,Henri Matisse,51
G62,,39,Le Corbusier,42
G62,,39,Mark Rothko,39
G62,,39,Paul Klee,33
G62,,39,Rem Koolhaas,32
G62,,39,Paul Gauguin,27
G62,,39,Bernard Tschumi,26
G62,,39,Walter Gropius,24
G62,,39,Wassily Kandinsky,24
G62,,39,Josef Albers,22
G62,,39,Aldo Rossi,21
G62,,39,Robert Motherwell,19
G62,,39,Robert Venturi,19
G62,,39,Steve Reich,18
G62,,39,Kenneth Frampton,17
G62,,39,Anthony Vidler,15
G62,,39,Alan Colquhoun,14
G62,,39,Colin Rowe,14
G62,,39,Francine du Plessix Gray,12
G62,,39,Morton Feldman,11
G62,,39,Pauline Oliveros,9
G62,,39,Daniel Libeskind,8
G62,,39,David Smith,7
G62,,39,Nathaniel Mackey,6
G62,,39,Franz Werfel,5
G62,,39,Louis Cohen,4
G62,,39,Steven Holl,4
G62,,39,Bruce Brooks Pfeiffer,3
G62,,39,Annie Cohen-Solal,2
G62,,39,David Anfam,2
G62,,39,Elizabeth Willis,2
G62,,39,Henry Darger,2
G62,,39,Johannes Itten,2
G62,,39,Joris-Karl Huysmans,2
G62,,39,Maya Lin,2
G62,,39,Michael Nyman,2
G63,,38,Desmond Tutu,64
G63,,38,Whoopi Goldberg,40
G63,,38,Helen Mirren,34
G63,,38,Matt Damon,34
G63,,38,Don Cheadle,31
G63,,38,Blair Underwood,29
G63,,38,LeVar Burton,29
G63,,38,Nancy Reagan,15
G63,,38,Barbara Bush,14
G63,,38,Richard Rohr,13
G63,,38,Aung San Suu Kyi,10
G63,,38,Eric Carle,9
G63,,38,Rowan Williams,9
G63,,38,Shane Claiborne,8
G63,,38,John Shelby Spong,7
G63,,38,Laura Bush,7
G63,,38,Barbara Brown Taylor,6
G63,,38,Brian D. McLaren,6
G63,,38,Eugene H. Peterson,6
G63,,38,Jerry Pinkney,6
G63,,38,Jim Wallis,6
G63,,38,Thomas Lynch,6
G63,,38,Tony Campolo,6
G63,,38,Robin Meyers,5
G63,,38,Brad Jersak,4
G63,,38,Lesley Stahl,4
G63,,38,Matthieu Ricard,4
G63,,38,Rosalynn Carter,4
G63,,38,Walter Brueggemann,4
G63,,38,John Dominic Crossan,3
G63,,38,Lois Ehlert,3
G63,,38,Benjamin Myers,2
G63,,38,Brennan Manning,2
G63,,38,Frank Schaeffer,2
G63,,38,Michael Lerner,2
G63,,38,Richard J. Foster,2
G63,,38,William Sloane Coffin,2
G63,,38,Winnie Mandela,2
G64,Paris avant-garde salon,37,Gertrude Stein,708
G64,Paris avant-garde salon,37,Marcel Duchamp,205
G64,Paris avant-garde salon,37,Man Ray,185
G64,Paris avant-garde salon,37,Jean Cocteau,134
G64,Paris avant-garde salon,37,Djuna Barnes,90
G64,Paris avant-garde salon,37,Alice B. Toklas,82
G64,Paris avant-garde salon,37,Sylvia Beach,82
G64,Paris avant-garde salon,37,Max Ernst,80
G64,Paris avant-garde salon,37,Carl Van Vechten,72
G64,Paris avant-garde salon,37,Tristan Tzara,40
G64,Paris avant-garde salon,37,Raymond Queneau,34
G64,Paris avant-garde salon,37,Peggy Guggenheim,33
G64,Paris avant-garde salon,37,Alfred Jarry,28
G64,Paris avant-garde salon,37,Antonin Artaud,28
G64,Paris avant-garde salon,37,Francis Picabia,27
G64,Paris avant-garde salon,37,Leonora Carrington,23
G64,Paris avant-garde salon,37,Georges Perec,22
G64,Paris avant-garde salon,37,Guillaume Apollinaire,21
G64,Paris avant-garde salon,37,Raymond Roussel,18
G64,Paris avant-garde salon,37,Louis Aragon,12
G64,Paris avant-garde salon,37,Clement Greenberg,10
G64,Paris avant-garde salon,37,Lee Miller,10
G64,Paris avant-garde salon,37,Erik Satie,9
G64,Paris avant-garde salon,37,Hans Richter,8
G64,Paris avant-garde salon,37,Robert Desnos,6
G64,Paris avant-garde salon,37,Hugo Ball,5
G64,Paris avant-garde salon,37,Remedios Varo,5
G64,Paris avant-garde salon,37,Antonia White,4
G64,Paris avant-garde salon,37,Jacques Roubaud,4
G64,Paris avant-garde salon,37,Allan Kaprow,2
G64,Paris avant-garde salon,37,David Bellos,2
G64,Paris avant-garde salon,37,Dorothea Tanning,2
G64,Paris avant-garde salon,37,Francis Ponge,2
G64,Paris avant-garde salon,37,Kiki de Montparnasse,2
G64,Paris avant-garde salon,37,Michael Fried,2
G64,Paris avant-garde salon,37,Rockwell Kent,2
G64,Paris avant-garde salon,37,Victor Serge,2
G65,Hardboiled classics,37,Raymond Chandler,508
G65,Hardboiled classics,37,Dashiell Hammett,423
G65,Hardboiled classics,37,John D. MacDonald,152
G65,Hardboiled classics,37,James M. Cain,117
G65,Hardboiled classics,37,Erle Stanley Gardner,96
G65,Hardboiled classics,37,Jim Thompson,65
G65,Hardboiled classics,37,Ross Macdonald,56
G65,Hardboiled classics,37,Edgar Wallace,48
G65,Hardboiled classics,37,Mickey Spillane,41
G65,Hardboiled classics,37,Cornell Woolrich,39
G65,Hardboiled classics,37,Chester Himes,27
G65,Hardboiled classics,37,William Irish,22
G65,Hardboiled classics,37,Maurice Leblanc,16
G65,Hardboiled classics,37,Paul Cain,15
G65,Hardboiled classics,37,Ray Cummings,15
G65,Hardboiled classics,37,Charles Willeford,14
G65,Hardboiled classics,37,John Daly,13
G65,Hardboiled classics,37,Horace McCoy,12
G65,Hardboiled classics,37,Nora Charles,11
G65,Hardboiled classics,37,Sax Rohmer,11
G65,Hardboiled classics,37,Brett Halliday,10
G65,Hardboiled classics,37,David Goodis,10
G65,Hardboiled classics,37,Patrick Quentin,10
G65,Hardboiled classics,37,Duane Swierczynski,8
G65,Hardboiled classics,37,George Hopley,8
G65,Hardboiled classics,37,Norbert Davis,8
G65,Hardboiled classics,37,Richard Connell,8
G65,Hardboiled classics,37,Laura Wilson,6
G65,Hardboiled classics,37,Leslie Charteris,6
G65,Hardboiled classics,37,Michael Murphy,6
G65,Hardboiled classics,37,Steve Fisher,6
G65,Hardboiled classics,37,Edmund Crispin,4
G65,Hardboiled classics,37,Richard Sale,4
G65,Hardboiled classics,37,Stuart M. Kaminsky,4
G65,Hardboiled classics,37,Evan Hunter,2
G65,Hardboiled classics,37,Gregory McDonald,2
G65,Hardboiled classics,37,Kenneth Fearing,2
G66,Children's classics & nonsense,36,Lewis Carroll,565
G66,Children's classics & nonsense,36,Robert Louis Stevenson,562
G66,Children's classics & nonsense,36,Edward Lear,215
G66,Children's classics & nonsense,36,Hans Christian Andersen,160
G66,Children's classics & nonsense,36,L. Frank Baum,50
G66,Children's classics & nonsense,36,A.A. Milne,33
G66,Children's classics & nonsense,36,Kenneth Grahame,30
G66,Children's classics & nonsense,36,James Hogg,29
G66,Children's classics & nonsense,36,Charles Perrault,27
G66,Children's classics & nonsense,36,Gregory Maguire,25
G66,Children's classics & nonsense,36,Andrew Lang,20
G66,Children's classics & nonsense,36,Arthur Rackham,16
G66,Children's classics & nonsense,36,Eugene Field,14
G66,Children's classics & nonsense,36,Hilaire Belloc,14
G66,Children's classics & nonsense,36,J.M. Barrie,13
G66,Children's classics & nonsense,36,James Cook,12
G66,Children's classics & nonsense,36,Brian K. Vaughan,11
G66,Children's classics & nonsense,36,Pia Guerra,9
G66,Children's classics & nonsense,36,Howard Pyle,8
G66,Children's classics & nonsense,36,Margaret Wise Brown,8
G66,Children's classics & nonsense,36,Alex Flinn,6
G66,Children's classics & nonsense,36,Spike Milligan,6
G66,Children's classics & nonsense,36,Wilhelm Grimm,6
G66,Children's classics & nonsense,36,Kate Greenaway,5
G66,Children's classics & nonsense,36,Edmund Dulac,4
G66,Children's classics & nonsense,36,George Herriman,4
G66,Children's classics & nonsense,36,Milo Winter,4
G66,Children's classics & nonsense,36,Steve Skroce,4
G66,Children's classics & nonsense,36,Stephen Schwartz,3
G66,Children's classics & nonsense,36,Astrid Lindgren,2
G66,Children's classics & nonsense,36,Carlo Collodi,2
G66,Children's classics & nonsense,36,Gelett Burgess,2
G66,Children's classics & nonsense,36,Giambattista Basile,2
G66,Children's classics & nonsense,36,Marie-Catherine d'Aulnoy,2
G66,Children's classics & nonsense,36,William Bligh,2
G66,Children's classics & nonsense,36,Winsor McCay,2
G67,,35,David Drake,202
G67,,35,David Brin,89
G67,,35,David Weber,56
G67,,35,Jerry Pournelle,37
G67,,35,Sarah A. Hoyt,34
G67,,35,Larry Bond,30
G67,,35,Tony Daniel,30
G67,,35,John Ringo,29
G67,,35,Eric Flint,27
G67,,35,Dale Brown,26
G67,,35,Lois McMaster Bujold,24
G67,,35,John Campbell,23
G67,,35,Lawrence Watt-Evans,21
G67,,35,Ed Greenwood,20
G67,,35,Douglas Niles,15
G67,,35,Steven Barnes,15
G67,,35,Richard A. Knaak,14
G67,,35,S.M. Stirling,12
G67,,35,Paul B. Thompson,10
G67,,35,Nancy Varian Berberick,9
G67,,35,Mel Odom,8
G67,,35,Tananarive Due,7
G67,,35,Richard Lee Byers,6
G67,,35,Elaine Cunningham,5
G67,,35,Dan Parkinson,4
G67,,35,Dave Freer,4
G67,,35,James P. Hogan,4
G67,,35,Liz Williams,4
G67,,35,Nick O'Donohoe,4
G67,,35,Ralph Peters,4
G67,,35,Mark Steyn,3
G67,,35,Glenn Reynolds,2
G67,,35,Harold Coyle,2
G67,,35,Wen Spencer,2
G67,,35,William R. Forstchen,2
G68,Jewish-American fiction & NY intellectuals,34,Philip Roth,369
G68,Jewish-American fiction & NY intellectuals,34,Saul Bellow,323
G68,Jewish-American fiction & NY intellectuals,34,Susan Sontag,302
G68,Jewish-American fiction & NY intellectuals,34,Grace Paley,143
G68,Jewish-American fiction & NY intellectuals,34,Mary McCarthy,139
G68,Jewish-American fiction & NY intellectuals,34,Bernard Malamud,130
G68,Jewish-American fiction & NY intellectuals,34,Isaac Bashevis Singer,106
G68,Jewish-American fiction & NY intellectuals,34,Cynthia Ozick,99
G68,Jewish-American fiction & NY intellectuals,34,Harold Bloom,55
G68,Jewish-American fiction & NY intellectuals,34,Tillie Olsen,35
G68,Jewish-American fiction & NY intellectuals,34,Abraham Cahan,30
G68,Jewish-American fiction & NY intellectuals,34,Nathan Englander,22
G68,Jewish-American fiction & NY intellectuals,34,Elizabeth Hardwick,21
G68,Jewish-American fiction & NY intellectuals,34,W.G. Sebald,17
G68,Jewish-American fiction & NY intellectuals,34,James Wood,16
G68,Jewish-American fiction & NY intellectuals,34,Helen Vendler,9
G68,Jewish-American fiction & NY intellectuals,34,Henri Bergson,9
G68,Jewish-American fiction & NY intellectuals,34,Henry Roth,9
G68,Jewish-American fiction & NY intellectuals,34,Alfred Kazin,8
G68,Jewish-American fiction & NY intellectuals,34,Harold Brodkey,8
G68,Jewish-American fiction & NY intellectuals,34,Allan Bloom,6
G68,Jewish-American fiction & NY intellectuals,34,Allegra Goodman,6
G68,Jewish-American fiction & NY intellectuals,34,Cynthia Heimel,6
G68,Jewish-American fiction & NY intellectuals,34,Anzia Yezierska,4
G68,Jewish-American fiction & NY intellectuals,34,John Berger,4
G68,Jewish-American fiction & NY intellectuals,34,Robert Wilson,4
G68,Jewish-American fiction & NY intellectuals,34,S.N. Behrman,4
G68,Jewish-American fiction & NY intellectuals,34,Adam Haslett,2
G68,Jewish-American fiction & NY intellectuals,34,Christopher Lasch,2
G68,Jewish-American fiction & NY intellectuals,34,David Rieff,2
G68,Jewish-American fiction & NY intellectuals,34,Elaine Showalter,2
G68,Jewish-American fiction & NY intellectuals,34,Jacques Barzun,2
G68,Jewish-American fiction & NY intellectuals,34,Norman Manea,2
G68,Jewish-American fiction & NY intellectuals,34,Sholom Aleichem,2
G69,Irish & UK short story,34,William Trevor,121
G69,Irish & UK short story,34,Frank O'Connor,110
G69,Irish & UK short story,34,Annie Proulx,76
G69,Irish & UK short story,34,Roddy Doyle,59
G69,Irish & UK short story,34,Edna O'Brien,52
G69,Irish & UK short story,34,V.S. Pritchett,39
G69,Irish & UK short story,34,Hugh Walpole,34
G69,Irish & UK short story,34,Anne Enright,32
G69,Irish & UK short story,34,John Banville,22
G69,Irish & UK short story,34,Brian Moore,16
G69,Irish & UK short story,34,Chris Riddell,8
G69,Irish & UK short story,34,Neil Jordan,8
G69,Irish & UK short story,34,Peter Cameron,8
G69,Irish & UK short story,34,James Lasdun,6
G69,Irish & UK short story,34,John Boyne,6
G69,Irish & UK short story,34,Kent Haruf,6
G69,Irish & UK short story,34,Peter Orner,6
G69,Irish & UK short story,34,William Nicholson,6
G69,Irish & UK short story,34,Elena Ferrante,4
G69,Irish & UK short story,34,Hugo Hamilton,4
G69,Irish & UK short story,34,Jackie Morris,4
G69,Irish & UK short story,34,John McGahern,4
G69,Irish & UK short story,34,Robert Hughes,4
G69,Irish & UK short story,34,Sebastian Barry,4
G69,Irish & UK short story,34,Stephen Elliott,4
G69,Irish & UK short story,34,Yannick Murphy,4
G69,Irish & UK short story,34,Caroline Pitcher,2
G69,Irish & UK short story,34,Clare Boylan,2
G69,Irish & UK short story,34,Jez Alborough,2
G69,Irish & UK short story,34,Kevin Barry,2
G69,Irish & UK short story,34,Matt Haig,2
G69,Irish & UK short story,34,Patrick McCabe,2
G69,Irish & UK short story,34,Richard McCann,2
G69,Irish & UK short story,34,Xiaolu Guo,2
G70,Bloomsbury & interwar Britain,33,Virginia Woolf,1670
G70,Bloomsbury & interwar Britain,33,Katherine Mansfield,354
G70,Bloomsbury & interwar Britain,33,E.M. Forster,177
G70,Bloomsbury & interwar Britain,33,Elizabeth Bowen,160
G70,Bloomsbury & interwar Britain,33,Jean Rhys,91
G70,Bloomsbury & interwar Britain,33,Samuel Pepys,73
G70,Bloomsbury & interwar Britain,33,Vita Sackville-West,61
G70,Bloomsbury & interwar Britain,33,Leonard Woolf,47
G70,Bloomsbury & interwar Britain,33,Lytton Strachey,43
G70,Bloomsbury & interwar Britain,33,Jane Bowles,33
G70,Bloomsbury & interwar Britain,33,Clive Bell,26
G70,Bloomsbury & interwar Britain,33,Radclyffe Hall,23
G70,Bloomsbury & interwar Britain,33,Harold Nicolson,16
G70,Bloomsbury & interwar Britain,33,Michael Frayn,16
G70,Bloomsbury & interwar Britain,33,Alan Bennett,13
G70,Bloomsbury & interwar Britain,33,Constance Garnett,12
G70,Bloomsbury & interwar Britain,33,Michael Holroyd,9
G70,Bloomsbury & interwar Britain,33,David Garnett,8
G70,Bloomsbury & interwar Britain,33,Jane Rule,8
G70,Bloomsbury & interwar Britain,33,Christine Brooke-Rose,6
G70,Bloomsbury & interwar Britain,33,George Lamming,6
G70,Bloomsbury & interwar Britain,33,Quentin Bell,5
G70,Bloomsbury & interwar Britain,33,Angelica Garnett,4
G70,Bloomsbury & interwar Britain,33,Ann Bannon,4
G70,Bloomsbury & interwar Britain,33,Gerald Brenan,4
G70,Bloomsbury & interwar Britain,33,Margaret Forster,4
G70,Bloomsbury & interwar Britain,33,Rose Macaulay,4
G70,Bloomsbury & interwar Britain,33,Valerie Taylor,4
G70,Bloomsbury & interwar Britain,33,Amy Levy,2
G70,Bloomsbury & interwar Britain,33,Horton Foote,2
G70,Bloomsbury & interwar Britain,33,Katherine V. Forrest,2
G70,Bloomsbury & interwar Britain,33,Leon Edel,2
G70,Bloomsbury & interwar Britain,33,Sam Selvon,2
G71,Business titans & investing,33,Henry Ford,72
G71,Business titans & investing,33,Warren Buffett,59
G71,Business titans & investing,33,Andrew Carnegie,51
G71,Business titans & investing,33,John D. Rockefeller,49
G71,Business titans & investing,33,Alan Turing,23
G71,Business titans & investing,33,Benjamin Graham,21
G71,Business titans & investing,33,Jack Welch,18
G71,Business titans & investing,33,Sam Walton,18
G71,Business titans & investing,33,George Soros,14
G71,Business titans & investing,33,Lee Iacocca,13
G71,Business titans & investing,33,John von Neumann,12
G71,Business titans & investing,33,Mary Kay Ash,11
G71,Business titans & investing,33,Peter Lynch,11
G71,Business titans & investing,33,Claude Shannon,9
G71,Business titans & investing,33,Marshall Goldsmith,8
G71,Business titans & investing,33,Mary Buffett,8
G71,Business titans & investing,33,Ray Kroc,8
G71,Business titans & investing,33,Thomas Watson,8
G71,Business titans & investing,33,Rosabeth Moss Kanter,7
G71,Business titans & investing,33,George Boole,6
G71,Business titans & investing,33,Michael Porter,6
G71,Business titans & investing,33,Tom Peters,6
G71,Business titans & investing,33,Gary Hamel,5
G71,Business titans & investing,33,Norbert Wiener,5
G71,Business titans & investing,33,David Clark,4
G71,Business titans & investing,33,Jim Collins,4
G71,Business titans & investing,33,Philip Kotler,4
G71,Business titans & investing,33,Larry Bossidy,3
G71,Business titans & investing,33,Bill George,2
G71,Business titans & investing,33,Jack Trout,2
G71,Business titans & investing,33,Joel Greenblatt,2
G71,Business titans & investing,33,Tom Rath,2
G71,Business titans & investing,33,Verne Harnish,2
G72,American modernist poetry,33,Ezra Pound,850
G72,American modernist poetry,33,Wallace Stevens,745
G72,American modernist poetry,33,William Carlos Williams,583
G72,American modernist poetry,33,Marianne Moore,502
G72,American modernist poetry,33,Denise Levertov,204
G72,American modernist poetry,33,Hart Crane,192
G72,American modernist poetry,33,Robert Duncan,169
G72,American modernist poetry,33,Robert Creeley,129
G72,American modernist poetry,33,Charles Olson,123
G72,American modernist poetry,33,Louis Zukofsky,102
G72,American modernist poetry,33,Robinson Jeffers,89
G72,American modernist poetry,33,Muriel Rukeyser,82
G72,American modernist poetry,33,Kenneth Rexroth,76
G72,American modernist poetry,33,Mina Loy,69
G72,American modernist poetry,33,Louise Bogan,59
G72,American modernist poetry,33,George Oppen,24
G72,American modernist poetry,33,Charles Reznikoff,19
G72,American modernist poetry,33,Conrad Aiken,19
G72,American modernist poetry,33,William Empson,18
G72,American modernist poetry,33,Lorine Niedecker,16
G72,American modernist poetry,33,Paul Goodman,13
G72,American modernist poetry,33,Basil Bunting,9
G72,American modernist poetry,33,Paul Blackburn,8
G72,American modernist poetry,33,Ernest Fenollosa,7
G72,American modernist poetry,33,Richard Aldington,7
G72,American modernist poetry,33,Wilson Harris,6
G72,American modernist poetry,33,Arthur Waley,4
G72,American modernist poetry,33,Olga Broumas,4
G72,American modernist poetry,33,David Moody,2
G72,American modernist poetry,33,J.D. McClatchy,2
G72,American modernist poetry,33,Judy Grahn,2
G72,American modernist poetry,33,Norman O. Brown,2
G72,American modernist poetry,33,Weldon Kees,2
G73,"Black postwar prose (Baldwin, Wright, Ellison) + midcentury journalists",31,James Baldwin,724
G73,"Black postwar prose (Baldwin, Wright, Ellison) + midcentury journalists",31,Richard Wright,274
G73,"Black postwar prose (Baldwin, Wright, Ellison) + midcentury journalists",31,Ralph Ellison,228
G73,"Black postwar prose (Baldwin, Wright, Ellison) + midcentury journalists",31,Robert Penn Warren,151
G73,"Black postwar prose (Baldwin, Wright, Ellison) + midcentury journalists",31,Art Buchwald,29
G73,"Black postwar prose (Baldwin, Wright, Ellison) + midcentury journalists",31,David Halberstam,27
G73,"Black postwar prose (Baldwin, Wright, Ellison) + midcentury journalists",31,Stokely Carmichael,25
G73,"Black postwar prose (Baldwin, Wright, Ellison) + midcentury journalists",31,Bayard Rustin,18
G73,"Black postwar prose (Baldwin, Wright, Ellison) + midcentury journalists",31,Eldridge Cleaver,17
G73,"Black postwar prose (Baldwin, Wright, Ellison) + midcentury journalists",31,Anne Moody,14
G73,"Black postwar prose (Baldwin, Wright, Ellison) + midcentury journalists",31,Gloria Naylor,13
G73,"Black postwar prose (Baldwin, Wright, Ellison) + midcentury journalists",31,Huey P. Newton,13
G73,"Black postwar prose (Baldwin, Wright, Ellison) + midcentury journalists",31,Bobby Seale,12
G73,"Black postwar prose (Baldwin, Wright, Ellison) + midcentury journalists",31,Ossie Davis,10
G73,"Black postwar prose (Baldwin, Wright, Ellison) + midcentury journalists",31,John Lewis,8
G73,"Black postwar prose (Baldwin, Wright, Ellison) + midcentury journalists",31,Ruby Dee,7
G73,"Black postwar prose (Baldwin, Wright, Ellison) + midcentury journalists",31,David Gilmour,6
G73,"Black postwar prose (Baldwin, Wright, Ellison) + midcentury journalists",31,Nick Mason,6
G73,"Black postwar prose (Baldwin, Wright, Ellison) + midcentury journalists",31,Roger Waters,6
G73,"Black postwar prose (Baldwin, Wright, Ellison) + midcentury journalists",31,Elaine Brown,5
G73,"Black postwar prose (Baldwin, Wright, Ellison) + midcentury journalists",31,Cleanth Brooks,4
G73,"Black postwar prose (Baldwin, Wright, Ellison) + midcentury journalists",31,E. Lynn Harris,4
G73,"Black postwar prose (Baldwin, Wright, Ellison) + midcentury journalists",31,Neil Sheehan,4
G73,"Black postwar prose (Baldwin, Wright, Ellison) + midcentury journalists",31,Wright Morris,4
G73,"Black postwar prose (Baldwin, Wright, Ellison) + midcentury journalists",31,Albert Murray,2
G73,"Black postwar prose (Baldwin, Wright, Ellison) + midcentury journalists",31,Diahann Carroll,2
G73,"Black postwar prose (Baldwin, Wright, Ellison) + midcentury journalists",31,Padraic Colum,2
G73,"Black postwar prose (Baldwin, Wright, Ellison) + midcentury journalists",31,Peter Arnett,2
G73,"Black postwar prose (Baldwin, Wright, Ellison) + midcentury journalists",31,Rick Atkinson,2
G73,"Black postwar prose (Baldwin, Wright, Ellison) + midcentury journalists",31,Robert Reid,2
G73,"Black postwar prose (Baldwin, Wright, Ellison) + midcentury journalists",31,Storm Thorgerson,2
G74,,31,Daphne du Maurier,68
G74,,31,Steve Miller,38
G74,,31,Elizabeth Moon,36
G74,,31,Sharon Lee,34
G74,,31,Victoria Holt,30
G74,,31,Katie Flynn,23
G74,,31,Mary Stewart,13
G74,,31,Dilly Court,12
G74,,31,Kate Morton,12
G74,,31,Rachel Hore,9
G74,,31,Victoria Hislop,8
G74,,31,Janis Ian,7
G74,,31,George du Maurier,6
G74,,31,Janny Wurts,6
G74,,31,Josepha Sherman,6
G74,,31,Kristen Britain,6
G74,,31,Maureen Lee,6
G74,,31,Santa Montefiore,5
G74,,31,Barbara Michaels,4
G74,,31,Catherine Cookson,4
G74,,31,Josephine Cox,4
G74,,31,Kitty Neale,4
G74,,31,Phyllis A. Whitney,4
G74,,31,Annie Groves,3
G74,,31,Elizabeth Ann Scarborough,3
G74,,31,Annie Murray,2
G74,,31,Cecelia Ahern,2
G74,,31,Dan Poynter,2
G74,,31,Harriet Evans,2
G74,,31,Mike Shepherd,2
G74,,31,Sheila Newberry,2
G75,,29,John Cheever,557
G75,,29,James Thurber,347
G75,,29,John Collier,235
G75,,29,Janet Flanner,129
G75,,29,William Maxwell,93
G75,,29,John O'Hara,90
G75,,29,Irwin Shaw,87
G75,,29,Joseph Mitchell,81
G75,,29,E.B. White,79
G75,,29,Rebecca West,67
G75,,29,Emily Hahn,37
G75,,29,Brendan Gill,34
G75,,29,D.A. Powell,34
G75,,29,Erskine Caldwell,34
G75,,29,Jerome Weidman,34
G75,,29,Marjorie Kinnan Rawlings,29
G75,,29,Sylvia Townsend Warner,28
G75,,29,Lillian Ross,25
G75,,29,Oliver La Farge,24
G75,,29,Mollie Panter-Downes,22
G75,,29,A.J. Liebling,10
G75,,29,Ludwig Bemelmans,6
G75,,29,Tina Brown,6
G75,,29,Judith Thurman,5
G75,,29,Breece D'J Pancake,4
G75,,29,Tess Slesinger,4
G75,,29,Harold Evans,2
G75,,29,James Branch Cabell,2
G75,,29,Robert Gottlieb,2
G76,Lost Generation & its critics,29,F. Scott Fitzgerald,1099
G76,Lost Generation & its critics,29,Edmund Wilson,182
G76,Lost Generation & its critics,29,Malcolm Cowley,108
G76,Lost Generation & its critics,29,Thomas Wolfe,99
G76,Lost Generation & its critics,29,James Agee,90
G76,Lost Generation & its critics,29,H.L. Mencken,82
G76,Lost Generation & its critics,29,E.E. Cummings,51
G76,Lost Generation & its critics,29,Ring Lardner,47
G76,Lost Generation & its critics,29,John Dewey,46
G76,Lost Generation & its critics,29,Delmore Schwartz,42
G76,Lost Generation & its critics,29,Lionel Trilling,42
G76,Lost Generation & its critics,29,Walter Lippmann,36
G76,Lost Generation & its critics,29,Matthew Josephson,23
G76,Lost Generation & its critics,29,Calvin Coolidge,22
G76,Lost Generation & its critics,29,James T. Farrell,22
G76,Lost Generation & its critics,29,Budd Schulberg,21
G76,Lost Generation & its critics,29,Lewis Mumford,21
G76,Lost Generation & its critics,29,Thorstein Veblen,18
G76,Lost Generation & its critics,29,Alistair Cooke,13
G76,Lost Generation & its critics,29,Irving Stone,12
G76,Lost Generation & its critics,29,Irving Wallace,12
G76,Lost Generation & its critics,29,Jean Nathan,12
G76,Lost Generation & its critics,29,Robert Nathan,12
G76,Lost Generation & its critics,29,Irving Howe,11
G76,Lost Generation & its critics,29,George Kennan,6
G76,Lost Generation & its critics,29,Paulo Freire,3
G76,Lost Generation & its critics,29,Dee Dee Ramone,2
G76,Lost Generation & its critics,29,Maria Montessori,2
G76,Lost Generation & its critics,29,Sheilah Graham,2
G77,,29,Mark Twain,1636
G77,,29,Bret Harte,116
G77,,29,Nikola Tesla,25
G77,,29,Black Hawk,13
G77,,29,Brigham Young,13
G77,,29,P.T. Barnum,12
G77,,29,Mark Bowden,10
G77,,29,Edward Everett Hale,8
G77,,29,Cyrano de Bergerac,7
G77,,29,Norman Rockwell,7
G77,,29,Kit Carson,6
G77,,29,Richard Stark,6
G77,,29,Andy Rooney,5
G77,,29,Edmond Rostand,5
G77,,29,Francis Parkman,4
G77,,29,Ibn Battuta,4
G77,,29,Mary Rowlandson,4
G77,,29,William Congreve,4
G77,,29,Mary Baker Eddy,3
G77,,29,Charles Dudley Warner,2
G77,,29,Charles Portis,2
G77,,29,Emma Smith,2
G77,,29,George Catlin,2
G77,,29,Gordon B. Hinckley,2
G77,,29,Henry Cabot Lodge,2
G77,,29,James Donovan,2
G77,,29,Jeff Struecker,2
G77,,29,John Sayles,2
G77,,29,Laurence J. Peter,2
G78,Irish poetry,28,W.B. Yeats,641
G78,Irish poetry,28,Seamus Heaney,439
G78,Irish poetry,28,Jonathan Swift,361
G78,Irish poetry,28,Derek Walcott,182
G78,Irish poetry,28,Carol Ann Duffy,64
G78,Irish poetry,28,Louis MacNeice,54
G78,Irish poetry,28,Simon Armitage,43
G78,Irish poetry,28,Wendy Cope,38
G78,Irish poetry,28,Patrick Kavanagh,35
G78,Irish poetry,28,Thomas Moore,30
G78,Irish poetry,28,Roger McGough,28
G78,Irish poetry,28,Andrew Motion,26
G78,Irish poetry,28,Michael Rosen,24
G78,Irish poetry,28,Alice Oswald,16
G78,Irish poetry,28,Don Paterson,12
G78,Irish poetry,28,Benjamin Zephaniah,9
G78,Irish poetry,28,Brian Patten,6
G78,Irish poetry,28,Adrian Henri,5
G78,Irish poetry,28,Jackie Kay,5
G78,Irish poetry,28,Nick Laird,5
G78,Irish poetry,28,Austin Clarke,4
G78,Irish poetry,28,Grace Nichols,4
G78,Irish poetry,28,Anne Stevenson,2
G78,Irish poetry,28,Ciaran Carson,2
G78,Irish poetry,28,Elizabeth Jennings,2
G78,Irish poetry,28,J.M. Synge,2
G78,Irish poetry,28,Lady Augusta Gregory,2
G78,Irish poetry,28,Linton Kwesi Johnson,2
G79,Confessionals,28,Sylvia Plath,756
G79,Confessionals,28,Elizabeth Bishop,516
G79,Confessionals,28,Dylan Thomas,488
G79,Confessionals,28,Robert Lowell,427
G79,Confessionals,28,Anne Sexton,293
G79,Confessionals,28,Ted Hughes,261
G79,Confessionals,28,Theodore Roethke,261
G79,Confessionals,28,W.H. Auden,220
G79,Confessionals,28,Philip Larkin,181
G79,Confessionals,28,Richard Wilbur,171
G79,Confessionals,28,John Berryman,152
G79,Confessionals,28,James Merrill,126
G79,Confessionals,28,Randall Jarrell,123
G79,Confessionals,28,Robert Hayden,71
G79,Confessionals,28,Stevie Smith,40
G79,Confessionals,28,Stanley Kunitz,33
G79,Confessionals,28,Geoffrey Hill,28
G79,Confessionals,28,Susanna Kaysen,19
G79,Confessionals,28,Wally Lamb,17
G79,Confessionals,28,Marya Hornbacher,14
G79,Confessionals,28,Terri Cheney,14
G79,Confessionals,28,Thom Gunn,13
G79,Confessionals,28,John Hollander,7
G79,Confessionals,28,Elaine Feinstein,4
G79,Confessionals,28,August Kleinzahler,2
G79,Confessionals,28,Janet Malcolm,2
G79,Confessionals,28,Michael Hamburger,2
G79,Confessionals,28,Robert Nye,2
G80,Italian letters,27,Italo Calvino,130
G80,Italian letters,27,Umberto Eco,116
G80,Italian letters,27,Primo Levi,90
G80,Italian letters,27,Elie Wiesel,51
G80,Italian letters,27,Dante Alighieri,49
G80,Italian letters,27,Pier Paolo Pasolini,25
G80,Italian letters,27,Cesare Pavese,21
G80,Italian letters,27,Martin Buber,21
G80,Italian letters,27,Leonardo Sciascia,18
G80,Italian letters,27,Natalia Ginzburg,16
G80,Italian letters,27,Carlo Emilio Gadda,8
G80,Italian letters,27,Elio Vittorini,8
G80,Italian letters,27,Franz Rosenzweig,8
G80,Italian letters,27,Elsa Morante,6
G80,Italian letters,27,Paul Tillich,6
G80,Italian letters,27,Norberto Bobbio,5
G80,Italian letters,27,Belle de Jour,4
G80,Italian letters,27,Catherine Millet,4
G80,Italian letters,27,Juan Goytisolo,4
G80,Italian letters,27,Abraham Joshua Heschel,2
G80,Italian letters,27,Benvenuto Cellini,2
G80,Italian letters,27,Charlotte Delbo,2
G80,Italian letters,27,Ernst Robert Curtius,2
G80,Italian letters,27,Gianni Vattimo,2
G80,Italian letters,27,Michael Dirda,2
G80,Italian letters,27,Theodor Herzl,2
G80,Italian letters,27,Tommaso Landolfi,2
G81,Monty Python & UK comedy,26,John Cleese,57
G81,Monty Python & UK comedy,26,Stephen Fry,44
G81,Monty Python & UK comedy,26,Michael Palin,38
G81,Monty Python & UK comedy,26,Terry Gilliam,34
G81,Monty Python & UK comedy,26,Eric Idle,29
G81,Monty Python & UK comedy,26,Jeremy Clarkson,27
G81,Monty Python & UK comedy,26,Terry Jones,26
G81,Monty Python & UK comedy,26,Graham Chapman,17
G81,Monty Python & UK comedy,26,James May,11
G81,Monty Python & UK comedy,26,Richard Hammond,10
G81,Monty Python & UK comedy,26,Eddie Izzard,9
G81,Monty Python & UK comedy,26,Emma Thompson,9
G81,Monty Python & UK comedy,26,Peter Cook,9
G81,Monty Python & UK comedy,26,Boris Johnson,8
G81,Monty Python & UK comedy,26,Hugh Laurie,7
G81,Monty Python & UK comedy,26,John Lloyd,5
G81,Monty Python & UK comedy,26,Bob Monkhouse,4
G81,Monty Python & UK comedy,26,Eric Sykes,4
G81,Monty Python & UK comedy,26,Kenneth Williams,4
G81,Monty Python & UK comedy,26,Ben Elton,2
G81,Monty Python & UK comedy,26,David Frost,2
G81,Monty Python & UK comedy,26,Jo Brand,2
G81,Monty Python & UK comedy,26,Jonathan Dimbleby,2
G81,Monty Python & UK comedy,26,Robin Skynner,2
G81,Monty Python & UK comedy,26,Russell Brand,2
G81,Monty Python & UK comedy,26,Will Davenport,2
G82,,25,Paul Bowles,130
G82,,25,Leonard Bernstein,95
G82,,25,Christopher Isherwood,89
G82,,25,Thornton Wilder,68
G82,,25,Stephen Sondheim,54
G82,,25,Aaron Copland,38
G82,,25,Frank Loesser,20
G82,,25,Richard Rodgers,19
G82,,25,Arthur Laurents,17
G82,,25,Alan Jay Lerner,13
G82,,25,Moss Hart,13
G82,,25,John Kander,12
G82,,25,Armistead Maupin,10
G82,,25,Fred Ebb,10
G82,,25,Peter Stone,10
G82,,25,Joe Masteroff,9
G82,,25,John Van Druten,9
G82,,25,Carol Channing,8
G82,,25,Jerry Herman,5
G82,,25,Andrew Lloyd Webber,4
G82,,25,Gaston Leroux,4
G82,,25,Thomas Meehan,4
G82,,25,Frederick Loewe,2
G82,,25,Gypsy Rose Lee,2
G82,,25,Mohammed Mrabet,2
G83,Empire adventure,25,Rudyard Kipling,880
G83,Empire adventure,25,Jack London,579
G83,Empire adventure,25,Anatole France,50
G83,Empire adventure,25,H. Rider Haggard,32
G83,Empire adventure,25,John Galsworthy,19
G83,Empire adventure,25,Eric Knight,17
G83,Empire adventure,25,Booth Tarkington,11
G83,Empire adventure,25,Adam Roberts,10
G83,Empire adventure,25,Frederick Marryat,10
G83,Empire adventure,25,Maurice Maeterlinck,10
G83,Empire adventure,25,John Buchan,9
G83,Empire adventure,25,Erin Hunter,6
G83,Empire adventure,25,Richard Adams,6
G83,Empire adventure,25,Edwin A. Abbott,4
G83,Empire adventure,25,James Burnham,4
G83,Empire adventure,25,Khushwant Singh,4
G83,Empire adventure,25,Whittaker Chambers,4
G83,Empire adventure,25,Mark Finn,3
G83,Empire adventure,25,Arthur B. Reeve,2
G83,Empire adventure,25,Flora Annie Steel,2
G83,Empire adventure,25,Juliet E. McKenna,2
G83,Empire adventure,25,Kari Sperring,2
G83,Empire adventure,25,Talbot Mundy,2
G83,Empire adventure,25,William Dalrymple,2
G83,Empire adventure,25,W.S. Gilbert,2
G84,,25,David Langford,115
G84,,25,Richard Wagner,98
G84,,25,Tony Lee,73
G84,,25,Jim Burns,50
G84,,25,Ron Goulart,41
G84,,25,Craig Shaw Gardner,37
G84,,25,Lawrence Schimel,31
G84,,25,Tom Holt,24
G84,,25,John Morressy,23
G84,,25,Christopher Priest,20
G84,,25,John Grant,16
G84,,25,Ian Hunter,11
G84,,25,Brenda Cooper,10
G84,,25,Lois Tilton,10
G84,,25,Adam-Troy Castro,6
G84,,25,Brian McNaughton,6
G84,,25,Giuseppe Verdi,6
G84,,25,Justina Robson,6
G84,,25,Michael Z. Williamson,6
G84,,25,James White,4
G84,,25,Jonathan McKee,4
G84,,25,Kevin Leman,4
G84,,25,Michael Reid,4
G84,,25,Chap Clark,2
G84,,25,Giacomo Puccini,2
G85,Jazz & soul,25,Duke Ellington,170
G85,Jazz & soul,25,Louis Armstrong,169
G85,Jazz & soul,25,Miles Davis,160
G85,Jazz & soul,25,Billie Holiday,111
G85,Jazz & soul,25,Dizzy Gillespie,73
G85,Jazz & soul,25,Charles Mingus,37
G85,Jazz & soul,25,Quincy Jones,33
G85,Jazz & soul,25,Wynton Marsalis,25
G85,Jazz & soul,25,Sidney Bechet,23
G85,Jazz & soul,25,Ethel Waters,19
G85,Jazz & soul,25,Tony Bennett,17
G85,Jazz & soul,25,Alex Haley,12
G85,Jazz & soul,25,Chet Baker,11
G85,Jazz & soul,25,Quincy Troupe,10
G85,Jazz & soul,25,Rosemary Clooney,8
G85,Jazz & soul,25,William Wells Brown,8
G85,Jazz & soul,25,Nat Hentoff,7
G85,Jazz & soul,25,Sue Monk Kidd,6
G85,Jazz & soul,25,Mezz Mezzrow,5
G85,Jazz & soul,25,Kathryn Stockett,4
G85,Jazz & soul,25,Sara Lawrence-Lightfoot,4
G85,Jazz & soul,25,Arthur Ashe,2
G85,Jazz & soul,25,Paul Rogers,2
G85,Jazz & soul,25,Ron Carter,2
G85,Jazz & soul,25,Tony Williams,2
G86,Austen's Britain,24,Jane Austen,970
G86,Austen's Britain,24,George Eliot,390
G86,Austen's Britain,24,Anthony Trollope,53
G86,Austen's Britain,24,Georgette Heyer,31
G86,Austen's Britain,24,Maria Edgeworth,26
G86,Austen's Britain,24,Ann Radcliffe,22
G86,Austen's Britain,24,Samuel Richardson,22
G86,Austen's Britain,24,Edmund Gosse,9
G86,Austen's Britain,24,Barbara Pym,8
G86,Austen's Britain,24,Mary Ann Evans,8
G86,Austen's Britain,24,Susanna Clarke,7
G86,Austen's Britain,24,John Gross,6
G86,Austen's Britain,24,Sharon Lathan,5
G86,Austen's Britain,24,Barbara Metzger,4
G86,Austen's Britain,24,Carla Kelly,4
G86,Austen's Britain,24,Elizabeth Inchbald,4
G86,Austen's Britain,24,Emmeline Pankhurst,4
G86,Austen's Britain,24,Gilbert White,4
G86,Austen's Britain,24,Melissa Harrison,4
G86,Austen's Britain,24,Hugh Thomson,3
G86,Austen's Britain,24,Barbara Cartland,2
G86,Austen's Britain,24,Katherine Roberts,2
G86,Austen's Britain,24,Linda Wells,2
G86,Austen's Britain,24,Zoya Pirzad,2
G87,,24,Dr. Seuss,135
G87,,24,Mo Willems,68
G87,,24,Sandra Boynton,58
G87,,24,Laura Ingalls Wilder,55
G87,,24,Felicia Bond,49
G87,,24,P.D. Eastman,46
G87,,24,Suzy Spafford,37
G87,,24,Jane O'Connor,12
G87,,24,Laura S.,12
G87,,24,Rose Wilder Lane,11
G87,,24,Garth Williams,10
G87,,24,Richard Scarry,10
G87,,24,Richard Thompson,10
G87,,24,Bill Watterson,8
G87,,24,Eloise Wilkin,8
G87,,24,Jan Berenstain,6
G87,,24,J.P. Miller,6
G87,,24,Gary Larson,4
G87,,24,Quentin Blake,4
G87,,24,Roy McKie,4
G87,,24,Anthony Browne,2
G87,,24,Margaret Mahy,2
G87,,24,Michael Frith,2
G87,,24,Munro Leaf,2
G88,American schoolroom & children's verse,24,Robert Frost,1117
G88,American schoolroom & children's verse,24,Carl Sandburg,275
G88,American schoolroom & children's verse,24,Edna St. Vincent Millay,268
G88,American schoolroom & children's verse,24,Shel Silverstein,90
G88,American schoolroom & children's verse,24,Jack Prelutsky,68
G88,American schoolroom & children's verse,24,Eve Merriam,46
G88,American schoolroom & children's verse,24,John Ciardi,31
G88,American schoolroom & children's verse,24,Karla Kuskin,26
G88,American schoolroom & children's verse,24,Lilian Moore,26
G88,American schoolroom & children's verse,24,Arnold Adoff,24
G88,American schoolroom & children's verse,24,Nikki Grimes,19
G88,American schoolroom & children's verse,24,Myra Cohn Livingston,16
G88,American schoolroom & children's verse,24,Valerie Worth,12
G88,American schoolroom & children's verse,24,Clarence Darrow,10
G88,American schoolroom & children's verse,24,Lee Bennett Hopkins,10
G88,American schoolroom & children's verse,24,Eloise Greenfield,9
G88,American schoolroom & children's verse,24,Jay Parini,4
G88,American schoolroom & children's verse,24,Jeff Moss,4
G88,American schoolroom & children's verse,24,Judith Viorst,4
G88,American schoolroom & children's verse,24,Mary Ann Hoberman,4
G88,American schoolroom & children's verse,24,Colin McNaughton,2
G88,American schoolroom & children's verse,24,Douglas Florian,2
G88,American schoolroom & children's verse,24,Jane Medina,2
G88,American schoolroom & children's verse,24,Jeffrey Meyers,2
G89,Weird Tales pulps,22,Robert Bloch,620
G89,Weird Tales pulps,22,H.P. Lovecraft,458
G89,Weird Tales pulps,22,Robert E. Howard,268
G89,Weird Tales pulps,22,Clark Ashton Smith,215
G89,Weird Tales pulps,22,August Derleth,185
G89,Weird Tales pulps,22,Manly Wade Wellman,152
G89,Weird Tales pulps,22,Frank Belknap Long,65
G89,Weird Tales pulps,22,Joan Aiken,45
G89,Weird Tales pulps,22,A. Merritt,20
G89,Weird Tales pulps,22,Tom Reamy,8
G89,Weird Tales pulps,22,H. Warner Munn,7
G89,Weird Tales pulps,22,Clark Howard,6
G89,Weird Tales pulps,22,Davis Grubb,5
G89,Weird Tales pulps,22,Lin Carter,4
G89,Weird Tales pulps,22,S.T. Joshi,3
G89,Weird Tales pulps,22,Andrzej Sapkowski,2
G89,Weird Tales pulps,22,George Hagenauer,2
G89,Weird Tales pulps,22,Harold Lamb,2
G89,Weird Tales pulps,22,H.R. Giger,2
G89,Weird Tales pulps,22,Kenneth Grant,2
G89,Weird Tales pulps,22,Marie Belloc Lowndes,2
G89,Weird Tales pulps,22,Mike Ashley,2
G90,Irish modernists,22,James Joyce,1281
G90,Irish modernists,22,Ford Madox Ford,124
G90,Irish modernists,22,Wyndham Lewis,64
G90,Irish modernists,22,Liam O'Flaherty,34
G90,Irish modernists,22,Flann O'Brien,31
G90,Irish modernists,22,George Moore,20
G90,Irish modernists,22,James Stephens,19
G90,Irish modernists,22,St. Patrick,13
G90,Irish modernists,22,Nathalie Sarraute,9
G90,Irish modernists,22,James Plunkett,8
G90,Irish modernists,22,Jim Tully,8
G90,Irish modernists,22,Joanne Fluke,8
G90,Irish modernists,22,Brendan Behan,7
G90,Irish modernists,22,Diane Mott Davidson,4
G90,Irish modernists,22,Earlene Fowler,4
G90,Irish modernists,22,Frank Kermode,4
G90,Irish modernists,22,John King,4
G90,Irish modernists,22,Hugh Kenner,3
G90,Irish modernists,22,Angus Wilson,2
G90,Irish modernists,22,Carter Dickson,2
G90,Irish modernists,22,Richard Ellmann,2
G90,Irish modernists,22,Terri Thayer,2
G91,European lyric in translation,21,Rainer Maria Rilke,264
G91,European lyric in translation,21,Anna Akhmatova,216
G91,European lyric in translation,21,Boris Pasternak,107
G91,European lyric in translation,21,Joseph Brodsky,45
G91,European lyric in translation,21,Paul Celan,42
G91,European lyric in translation,21,Osip Mandelstam,35
G91,European lyric in translation,21,Isaac Babel,29
G91,European lyric in translation,21,May Sarton,29
G91,European lyric in translation,21,Alexander Pushkin,25
G91,European lyric in translation,21,Vladimir Mayakovsky,23
G91,European lyric in translation,21,Marina Tsvetaeva,19
G91,European lyric in translation,21,Zbigniew Herbert,18
G91,European lyric in translation,21,Ingeborg Bachmann,12
G91,European lyric in translation,21,Andrei Bely,11
G91,European lyric in translation,21,Mikhail Bulgakov,10
G91,European lyric in translation,21,Eduardo Galeano,6
G91,European lyric in translation,21,Mikhail Lermontov,4
G91,European lyric in translation,21,Daniil Kharms,3
G91,European lyric in translation,21,Adam Zagajewski,2
G91,European lyric in translation,21,Lucy Grealy,2
G91,European lyric in translation,21,Nadezhda Mandelstam,2
G92,Dance & modernist music,21,Isadora Duncan,116
G92,Dance & modernist music,21,George Balanchine,43
G92,Dance & modernist music,21,Martha Graham,40
G92,Dance & modernist music,21,Igor Stravinsky,33
G92,Dance & modernist music,21,Arnold Schoenberg,22
G92,Dance & modernist music,21,Mark Morris,12
G92,Dance & modernist music,21,Margot Fonteyn,10
G92,Dance & modernist music,21,Vaslav Nijinsky,10
G92,Dance & modernist music,21,Anna Pavlova,9
G92,Dance & modernist music,21,Dan Abnett,9
G92,Dance & modernist music,21,James Goss,9
G92,Dance & modernist music,21,Maria Tallchief,8
G92,Dance & modernist music,21,Sergei Prokofiev,7
G92,Dance & modernist music,21,Suzanne Farrell,7
G92,Dance & modernist music,21,Joseph Lidster,4
G92,Dance & modernist music,21,Simon Messingham,4
G92,Dance & modernist music,21,Peter Martins,3
G92,Dance & modernist music,21,Andy Hoare,2
G92,Dance & modernist music,21,Gelsey Kirkland,2
G92,Dance & modernist music,21,Kathryn Leigh Scott,2
G92,Dance & modernist music,21,Twyla Tharp,2
G93,Early detection,21,Edgar Allan Poe,1816
G93,Early detection,21,Robert Barr,37
G93,Early detection,21,Anna Katharine Green,36
G93,Early detection,21,Susan Glaspell,36
G93,Early detection,21,Jacques Futrelle,29
G93,Early detection,21,Grant Allen,24
G93,Early detection,21,Arthur Morrison,14
G93,Early detection,21,Dennis Wheatley,13
G93,Early detection,21,Francis Thompson,12
G93,Early detection,21,Max Pemberton,11
G93,Early detection,21,E. Phillips Oppenheim,9
G93,Early detection,21,E.T.A. Hoffmann,9
G93,Early detection,21,Thomas Bailey Aldrich,9
G93,Early detection,21,Clayton Rawson,8
G93,Early detection,21,Edogawa Rampo,7
G93,Early detection,21,James Thomson,4
G93,Early detection,21,Philippe Petit,4
G93,Early detection,21,Arno Schmidt,2
G93,Early detection,21,Arthur Gordon,2
G93,Early detection,21,Honoré de Balzac,2
G93,Early detection,21,Pablo De Santis,2
G94,Transcendentalists & 19th-c New England,21,Nathaniel Hawthorne,887
G94,Transcendentalists & 19th-c New England,21,Ralph Waldo Emerson,518
G94,Transcendentalists & 19th-c New England,21,Henry David Thoreau,470
G94,Transcendentalists & 19th-c New England,21,Louisa May Alcott,281
G94,Transcendentalists & 19th-c New England,21,Henry Wadsworth Longfellow,145
G94,Transcendentalists & 19th-c New England,21,Harriet Beecher Stowe,132
G94,Transcendentalists & 19th-c New England,21,Mahatma Gandhi,68
G94,Transcendentalists & 19th-c New England,21,James Fenimore Cooper,66
G94,Transcendentalists & 19th-c New England,21,Margaret Fuller,51
G94,Transcendentalists & 19th-c New England,21,John Greenleaf Whittier,35
G94,Transcendentalists & 19th-c New England,21,Frederick Law Olmsted,15
G94,Transcendentalists & 19th-c New England,21,Peter Brook,15
G94,Transcendentalists & 19th-c New England,21,Fanny Fern,14
G94,Transcendentalists & 19th-c New England,21,Swami Vivekananda,12
G94,Transcendentalists & 19th-c New England,21,Rebecca Harding Davis,11
G94,Transcendentalists & 19th-c New England,21,Frances Hodgson Burnett,9
G94,Transcendentalists & 19th-c New England,21,Sri Aurobindo,3
G94,Transcendentalists & 19th-c New England,21,B.R. Ambedkar,2
G94,Transcendentalists & 19th-c New England,21,Jack Riggs,2
G94,Transcendentalists & 19th-c New England,21,Leo Marx,2
G94,Transcendentalists & 19th-c New England,21,Thomas Bulfinch,2
G95,French 19th century,20,Gustave Flaubert,367
G95,French 19th century,20,Marcel Proust,344
G95,French 19th century,20,Victor Hugo,213
G95,French 19th century,20,Charles Baudelaire,208
G95,French 19th century,20,Arthur Rimbaud,140
G95,French 19th century,20,George Sand,57
G95,French 19th century,20,Alexandre Dumas,56
G95,French 19th century,20,Friedrich Engels,47
G95,French 19th century,20,Marie Corelli,30
G95,French 19th century,20,Paul Verlaine,28
G95,French 19th century,20,Franz Liszt,14
G95,French 19th century,20,Lope de Vega,14
G95,French 19th century,20,Alan Hollinghurst,6
G95,French 19th century,20,Francisco de Quevedo,5
G95,French 19th century,20,Jean Racine,4
G95,French 19th century,20,Juan de la Cruz,3
G95,French 19th century,20,Alfred de Musset,2
G95,French 19th century,20,Benjamin Taylor,2
G95,French 19th century,20,Rafael Sabatini,2
G95,French 19th century,20,Tirso de Molina,2
G96,,20,Francis Bacon,185
G96,,20,Aleister Crowley,109
G96,,20,Lucian Freud,23
G96,,20,Galileo Galilei,20
G96,,20,John Dee,16
G96,,20,Johannes Kepler,13
G96,,20,Giordano Bruno,10
G96,,20,Julius Evola,9
G96,,20,L. Ron Hubbard,9
G96,,20,Nicolaus Copernicus,8
G96,,20,Rudolf Steiner,8
G96,,20,William Harvey,8
G96,,20,Dion Fortune,7
G96,,20,G.I. Gurdjieff,7
G96,,20,Cornelius Agrippa,2
G96,,20,Helena Petrovna Blavatsky,2
G96,,20,Jean Gebser,2
G96,,20,P.D. Ouspensky,2
G96,,20,Russell Miller,2
G96,,20,Tommaso Campanella,2
G97,,20,George Bernard Shaw,310
G97,,20,Walter Scott,266
G97,,20,Robert Burns,228
G97,,20,John Ruskin,206
G97,,20,John Clare,84
G97,,20,Laurence Sterne,82
G97,,20,E.F. Benson,75
G97,,20,Beatrix Potter,71
G97,,20,William Morris,63
G97,,20,Florence Nightingale,23
G97,,20,Knut Hamsun,12
G97,,20,Michael Faraday,9
G97,,20,Dorothy Wordsworth,8
G97,,20,Olive Schreiner,8
G97,,20,Michael Meyer,4
G97,,20,Rob Roy,4
G97,,20,Elizabeth Garrett,2
G97,,20,James Clerk Maxwell,2
G97,,20,Judy Taylor,2
G97,,20,Sarah Grand,2
G98,,19,Oscar Wilde,1017
G98,,19,Wolfgang Amadeus Mozart,103
G98,,19,Zelda Fitzgerald,72
G98,,19,Sarah Bernhardt,62
G98,,19,Max Beerbohm,34
G98,,19,Michelangelo Buonarroti,30
G98,,19,Aubrey Beardsley,27
G98,,19,Ludwig van Beethoven,18
G98,,19,Auguste Rodin,15
G98,,19,James McNeill Whistler,14
G98,,19,Quentin Crisp,12
G98,,19,Alphonse Mucha,8
G98,,19,Frank R. Stockton,8
G98,,19,Giorgio Vasari,6
G98,,19,Edward Carpenter,5
G98,,19,John Kendrick Bangs,4
G98,,19,Paul Claudel,3
G98,,19,Ada Leverson,2
G98,,19,Jules Renard,2
G99,,19,Gary Phillips,19
G99,,19,John Glenn,16
G99,,19,S.J. Rozan,16
G99,,19,C.J. Henderson,14
G99,,19,Michael Collins,14
G99,,19,James Chambers,11
G99,,19,Scott Carpenter,11
G99,,19,Alan Shepard,9
G99,,19,Elizabeth Amber,8
G99,,19,Martyn Waites,8
G99,,19,Reed Farrel Coleman,8
G99,,19,Buzz Aldrin,7
G99,,19,Ron Fortier,7
G99,,19,Jeremiah Healy,6
G99,,19,Tom Mason,5
G99,,19,John G. Hemry,4
G99,,19,Mayo Clinic,4
G99,,19,Mike McPhail,4
G99,,19,Chuck Yeager,2
G100,Russians,19,Leo Tolstoy,533
G100,Russians,19,Anton Chekhov,476
G100,Russians,19,Ivan Turgenev,124
G100,Russians,19,Michel de Montaigne,123
G100,Russians,19,Fyodor Dostoyevsky,56
G100,Russians,19,Wang Wei,50
G100,Russians,19,Murasaki Shikibu,48
G100,Russians,19,Peter Taylor,31
G100,Russians,19,Nikolai Gogol,25
G100,Russians,19,Du Fu,16
G100,Russians,19,Lao Tzu,11
G100,Russians,19,Anna Sewell,8
G100,Russians,19,Bill Porter,8
G100,Russians,19,Li Bai,8
G100,Russians,19,Heinrich von Kleist,6
G100,Russians,19,Maxim Gorky,4
G100,Russians,19,Alexander Herzen,3
G100,Russians,19,Giovanni Verga,2
G100,Russians,19,Red Pine,2
G101,Henry James's circle,19,Henry James,1625
G101,Henry James's circle,19,Edith Wharton,775
G101,Henry James's circle,19,Henry Adams,52
G101,Henry James's circle,19,John Singer Sargent,28
G101,Henry James's circle,19,Sarah Waters,25
G101,Henry James's circle,19,Charles W. Chesnutt,24
G101,Henry James's circle,19,Kimberla Lawson Roby,13
G101,Henry James's circle,19,Vernon Lee,12
G101,Henry James's circle,19,Charles Jackson,9
G101,Henry James's circle,19,Richard Yates,9
G101,Henry James's circle,19,Peter Ackroyd,7
G101,Henry James's circle,19,Angela Benson,6
G101,Henry James's circle,19,Ian Hamilton,6
G101,Henry James's circle,19,Victoria Christopher Murray,6
G101,Henry James's circle,19,ReShonda Tate Billingsley,5
G101,Henry James's circle,19,Mary Monroe,4
G101,Henry James's circle,19,Alice James,3
G101,Henry James's circle,19,Francis Steegmuller,2
G101,Henry James's circle,19,John Singleton,2
G102,,19,Yann Martel,73
G102,,19,Lisa Moore,66
G102,,19,Elizabeth Hay,56
G102,,19,Heather O'Neill,47
G102,,19,M.G. Vassanji,43
G102,,19,Timothy Taylor,43
G102,,19,Michael Crummey,41
G102,,19,James A. Michener,36
G102,,19,Annabel Lyon,32
G102,,19,Pasha Malla,25
G102,,19,Alissa York,24
G102,,19,David Bergen,24
G102,,19,Madeleine Thien,18
G102,,19,Lynn Coady,15
G102,,19,Eden Robinson,12
G102,,19,Michael Winter,6
G102,,19,Jane Urquhart,4
G102,,19,Camilla Gibb,2
G102,,19,Susan Swan,2
G103,Algonquin wits,19,Dorothy Parker,629
G103,Algonquin wits,19,Ogden Nash,193
G103,Algonquin wits,19,Groucho Marx,164
G103,Algonquin wits,19,Robert Benchley,50
G103,Algonquin wits,19,Anita Loos,34
G103,Algonquin wits,19,Fran Lebowitz,33
G103,Algonquin wits,19,S.J. Perelman,27
G103,Algonquin wits,19,Edna Ferber,22
G103,Algonquin wits,19,George S. Kaufman,19
G103,Algonquin wits,19,Harpo Marx,14
G103,Algonquin wits,19,Bob Woodward,13
G103,Algonquin wits,19,Phyllis McGinley,12
G103,Algonquin wits,19,Carl Bernstein,10
G103,Algonquin wits,19,Eleanor Farjeon,10
G103,Algonquin wits,19,Jilly Cooper,8
G103,Algonquin wits,19,Sarah Caudwell,6
G103,Algonquin wits,19,Ben Bradlee,5
G103,Algonquin wits,19,Jessica Fletcher,4
G103,Algonquin wits,19,Louis Untermeyer,2
G104,War poets,18,Thomas Hardy,688
G104,War poets,18,Robert Graves,209
G104,War poets,18,Wilfred Owen,163
G104,War poets,18,Rupert Brooke,88
G104,War poets,18,Siegfried Sassoon,65
G104,War poets,18,Edward Thomas,36
G104,War poets,18,John Masefield,31
G104,War poets,18,Alphonse Daudet,21
G104,War poets,18,John Betjeman,20
G104,War poets,18,Edmund Blunden,12
G104,War poets,18,Vera Brittain,12
G104,War poets,18,David Jones,11
G104,War poets,18,T.E. Lawrence,9
G104,War poets,18,Mary Renault,8
G104,War poets,18,Freya Stark,4
G104,War poets,18,Gertrude Bell,4
G104,War poets,18,Mary Borden,4
G104,War poets,18,Winifred Holtby,2
G105,,18,Neal Pollack,51
G105,,18,John Hodgman,28
G105,,18,Stephen Dixon,21
G105,,18,Amy Fusselman,20
G105,,18,Paul Collins,18
G105,,18,Salvador Plascencia,18
G105,,18,Elizabeth Crane,16
G105,,18,Gabe Hudson,16
G105,,18,Sean Wilsey,16
G105,,18,Catherine Newman,14
G105,,18,Deborah Copaken Kogan,14
G105,,18,Elrena Evans,14
G105,,18,Gregory Dicum,14
G105,,18,Max Brooks,14
G105,,18,Melissa Clark,14
G105,,18,Amy Sedaris,6
G105,,18,David Rees,2
G105,,18,Michael Ian Black,2
G106,Southern fiction classic,18,William Faulkner,945
G106,Southern fiction classic,18,Flannery O'Connor,674
G106,Southern fiction classic,18,Eudora Welty,413
G106,Southern fiction classic,18,Katherine Anne Porter,134
G106,Southern fiction classic,18,Carson McCullers,107
G106,Southern fiction classic,18,Anne Tyler,85
G106,Southern fiction classic,18,Walker Percy,51
G106,Southern fiction classic,18,Joel Chandler Harris,28
G106,Southern fiction classic,18,Ellen Gilchrist,18
G106,Southern fiction classic,18,Valerie Martin,10
G106,Southern fiction classic,18,Shelby Foote,9
G106,Southern fiction classic,18,John Kennedy Toole,8
G106,Southern fiction classic,18,Pat Conroy,8
G106,Southern fiction classic,18,John S. Mosby,6
G106,Southern fiction classic,18,David Long,2
G106,Southern fiction classic,18,John Biguenet,2
G106,Southern fiction classic,18,Josephine Humphreys,2
G106,Southern fiction classic,18,William Goyen,2
G107,,17,Naguib Mahfouz,78
G107,,17,Yukio Mishima,33
G107,,17,Bahaa Taher,26
G107,,17,Elias Khoury,26
G107,,17,Ahmed Alaidy,25
G107,,17,Alaa Al Aswany,25
G107,,17,Mourid Barghouti,25
G107,,17,Mo Yan,11
G107,,17,Yasunari Kawabata,11
G107,,17,Lu Xun,10
G107,,17,Yu Hua,6
G107,,17,Yusuf Idris,6
G107,,17,Su Tong,5
G107,,17,Jabra Ibrahim Jabra,4
G107,,17,Bi Feiyu,2
G107,,17,Eileen Chang,2
G107,,17,Lao She,2
G108,,17,Charles Dickens,1395
G108,,17,Matthew Costello,46
G108,,17,Lilian Jackson Braun,45
G108,,17,David Copperfield,43
G108,,17,Rosamunde Pilcher,42
G108,,17,Caroline Graham,40
G108,,17,William Makepeace Thackeray,29
G108,,17,Sarah Smith,23
G108,,17,Delia Sherman,19
G108,,17,Barbara Samuel,11
G108,,17,Hesba Stretton,10
G108,,17,Henry Mayhew,9
G108,,17,Pu Songling,6
G108,,17,Rachel Field,4
G108,,17,Bennett Cerf,2
G108,,17,Marjorie Bowen,2
G108,,17,William Cobbett,2
G109,,16,Samuel Johnson,366
G109,,16,Alexander Pope,245
G109,,16,Daniel Defoe,173
G109,,16,Johann Wolfgang von Goethe,136
G109,,16,Henry Fielding,121
G109,,16,Denis Diderot,69
G109,,16,Frances Burney,63
G109,,16,James Boswell,51
G109,,16,Horace Walpole,46
G109,,16,Reynolds Price,45
G109,,16,Oliver Goldsmith,34
G109,,16,John Dryden,30
G109,,16,Thomas Gray,30
G109,,16,John Simpson,6
G109,,16,John Gay,5
G109,,16,Samuel Butler,4
G110,,16,Jack Nicklaus,37
G110,,16,Arnold Palmer,25
G110,,16,Ben Hogan,22
G110,,16,Matt Christopher,20
G110,,16,Ron Roy,19
G110,,16,John Feinstein,17
G110,,16,Mike Lupica,14
G110,,16,Dan Gutman,12
G110,,16,Dav Pilkey,8
G110,,16,Andrew Clements,5
G110,,16,Patricia Reilly Giff,4
G110,,16,Tim Green,4
G110,,16,Tony Abbott,4
G110,,16,Harvey Penick,3
G110,,16,Michael Buckley,2
G110,,16,Peter Costello,2
G111,,16,James Scott Bell,18
G111,,16,Donald Maass,8
G111,,16,Elizabeth Sims,8
G111,,16,Hallie Ephron,8
G111,,16,Liz Curtis Higgs,8
G111,,16,Terri Blackstock,8
G111,,16,Barbara Johnson,6
G111,,16,Francine Rivers,6
G111,,16,Jerry B. Jenkins,6
G111,,16,Karen Kingsbury,6
G111,,16,Patsy Clairmont,5
G111,,16,Melody Carlson,4
G111,,16,Martha Bolton,3
G111,,16,Larry Brooks,2
G111,,16,Randy Ingermanson,2
G111,,16,Robert Benson,2
G112,,15,John Howe,28
G112,,15,Alan Lee,17
G112,,15,Michael Whelan,15
G112,,15,Richard Taylor,15
G112,,15,Boris Vallejo,13
G112,,15,Shaun Tan,12
G112,,15,Julie Bell,11
G112,,15,Greg Hildebrandt,8
G112,,15,Gary Crew,7
G112,,15,James Gurney,7
G112,,15,Inger Edelfeldt,4
G112,,15,Libby Hathorn,4
G112,,15,Sofie Laguna,4
G112,,15,Bob Graham,2
G112,,15,Brian Sibley,2
G113,American naturalists,15,Willa Cather,609
G113,American naturalists,15,Stephen Crane,401
G113,American naturalists,15,Kate Chopin,228
G113,American naturalists,15,Theodore Dreiser,185
G113,American naturalists,15,Sarah Orne Jewett,184
G113,American naturalists,15,Sinclair Lewis,142
G113,American naturalists,15,William Dean Howells,104
G113,American naturalists,15,Frank Norris,47
G113,American naturalists,15,Simon Van Booy,8
G113,American naturalists,15,Mabel Dodge Luhan,6
G113,American naturalists,15,Northrop Frye,6
G113,American naturalists,15,Sinclair Ross,4
G113,American naturalists,15,Celia Laighton Thaxter,2
G113,American naturalists,15,Frank Waters,2
G113,American naturalists,15,Mari Sandoz,2
G114,Transgressive contemporary,14,Chuck Palahniuk,55
G114,Transgressive contemporary,14,Bret Easton Ellis,54
G114,Transgressive contemporary,14,Irvine Welsh,23
G114,Transgressive contemporary,14,Patrick McGrath,14
G114,Transgressive contemporary,14,Will Self,14
G114,Transgressive contemporary,14,Michel Houellebecq,10
G114,Transgressive contemporary,14,James Kelman,9
G114,Transgressive contemporary,14,Janice Galloway,9
G114,Transgressive contemporary,14,Andrew Martin,4
G114,Transgressive contemporary,14,David James,4
G114,Transgressive contemporary,14,E. Lockhart,4
G114,Transgressive contemporary,14,Lars Von Trier,4
G114,Transgressive contemporary,14,Gus Van Sant,2
G114,Transgressive contemporary,14,Jon Savage,2
G115,,13,Joseph Conrad,472
G115,,13,D.H. Lawrence,292
G115,,13,W. Somerset Maugham,131
G115,,13,George Meredith,24
G115,,13,Alan Sillitoe,8
G115,,13,Caryl Phillips,4
G115,,13,Giorgio Bassani,4
G115,,13,Philip Meadows Taylor,4
G115,,13,W.H. Davies,4
G115,,13,Adam Hochschild,2
G115,,13,David Levering Lewis,2
G115,,13,Sven Lindqvist,2
G115,,13,W.H. Hudson,2
G116,,13,O. Henry,622
G116,,13,William Saroyan,44
G116,,13,Pearl S. Buck,18
G116,,13,Clement C. Moore,8
G116,,13,Tim Gautreaux,6
G116,,13,Cecil Frances Alexander,4
G116,,13,David Bradley,4
G116,,13,Don Marquis,4
G116,,13,Elizabeth McCracken,4
G116,,13,Les Edgerton,4
G116,,13,Marly Swick,4
G116,,13,Brad Watson,3
G116,,13,Lynn Freed,2
G117,Westerns,13,Louis L'Amour,37
G117,Westerns,13,Zane Grey,24
G117,Westerns,13,Elmer Kelton,16
G117,Westerns,13,Owen Wister,16
G117,Westerns,13,Diana Palmer,9
G117,Westerns,13,Linda Lael Miller,9
G117,Westerns,13,Max Brand,8
G117,Westerns,13,Jodi Thomas,7
G117,Westerns,13,Walter Prescott Webb,5
G117,Westerns,13,DeWanna Pace,4
G117,Westerns,13,Don Coldsmith,4
G117,Westerns,13,Linda Broday,2
G117,Westerns,13,Lindsay McKenna,2
G118,Transgressive lineage,12,Henry Miller,284
G118,Transgressive lineage,12,Jean Genet,67
G118,Transgressive lineage,12,Marquis de Sade,61
G118,Transgressive lineage,12,Marguerite Duras,55
G118,Transgressive lineage,12,Kathy Acker,53
G118,Transgressive lineage,12,Dennis Cooper,25
G118,Transgressive lineage,12,Jim Carroll,7
G118,Transgressive lineage,12,Alphonso Lingis,6
G118,Transgressive lineage,12,Chris Kraus,4
G118,Transgressive lineage,12,Betty Smith,2
G118,Transgressive lineage,12,John Cleland,2
G118,Transgressive lineage,12,Sarah Kofman,2
G119,,12,Peter David,20
G119,,12,Michael Jan Friedman,18
G119,,12,David Mack,16
G119,,12,Dayton Ward,12
G119,,12,Kevin Dilmore,12
G119,,12,Andy Mangels,8
G119,,12,Heather Jarman,8
G119,,12,Michael A. Martin,8
G119,,12,Robert Greenberger,6
G119,,12,Brian Michael Bendis,2
G119,,12,Greg Cox,2
G119,,12,Ho Che Anderson,2
G120,,12,Walt Whitman,1396
G120,,12,Black Elk,23
G120,,12,Julia Ward Howe,13
G120,,12,Naomi Wolf,11
G120,,12,Jane Jacobs,8
G120,,12,Susan Faludi,7
G120,,12,Annie Besant,6
G120,,12,Katie Roiphe,4
G120,,12,Fitz Hugh Ludlow,2
G120,,12,John G. Neihardt,2
G120,,12,Joshua Lawrence Chamberlain,2
G120,,12,Sidney Lanier,2
G121,,12,Jane Porter,35
G121,,12,Katherine Garbera,26
G121,,12,Megan Crane,26
G121,,12,Kelly Hunter,23
G121,,12,Trish Morey,23
G121,,12,Sarah Mayberry,17
G121,,12,Kathleen O'Brien,15
G121,,12,Melissa McClone,13
G121,,12,C.J. Carmichael,11
G121,,12,Barbara Ankrum,10
G121,,12,Lilian Darcy,10
G121,,12,Eve Gaddy,5
G122,,11,Milton Glaser,16
G122,,11,Stefan Sagmeister,14
G122,,11,John Maeda,8
G122,,11,Paula Scher,6
G122,,11,Alan Fletcher,4
G122,,11,Christoph Niemann,4
G122,,11,David Carson,4
G122,,11,Tibor Kalman,4
G122,,11,Michael Bierut,3
G122,,11,Paul Rand,3
G122,,11,Steven Heller,2
G123,Scientific romance,11,H.G. Wells,461
G123,Scientific romance,11,Jules Verne,195
G123,Scientific romance,11,Edgar Rice Burroughs,69
G123,Scientific romance,11,John Carter,26
G123,Scientific romance,11,Hugo Gernsback,24
G123,Scientific romance,11,Edward Bellamy,13
G123,Scientific romance,11,Marcel Schwob,8
G123,Scientific romance,11,Richard Marsh,4
G123,Scientific romance,11,J.B. Priestley,3
G123,Scientific romance,11,Andrew Stanton,2
G123,Scientific romance,11,Otis Adelbert Kline,2
G124,,11,Emily Dickinson,1345
G124,,11,Anne Bradstreet,79
G124,,11,Sara Teasdale,18
G124,,11,William Bradford,18
G124,,11,Catherine the Great,8
G124,,11,Izumi Shikibu,6
G124,,11,Cotton Mather,4
G124,,11,Elizabeth Madox Roberts,4
G124,,11,Elizabeth Davis,2
G124,,11,Giacomo Casanova,2
G124,,11,Joan Acocella,2
G125,War correspondents,10,Ernest Hemingway,1498
G125,War correspondents,10,John Dos Passos,163
G125,War correspondents,10,Martha Gellhorn,85
G125,War correspondents,10,John Hersey,51
G125,War correspondents,10,Ernie Pyle,27
G125,War correspondents,10,William L. Shirer,6
G125,War correspondents,10,Agnes von Kurowsky,4
G125,War correspondents,10,Edgar Lee Masters,2
G125,War correspondents,10,George Packer,2
G125,War correspondents,10,John Major,2
G126,,10,David Beckham,16
G126,,10,Alex Ferguson,15
G126,,10,George Best,8
G126,,10,Ryan Giggs,6
G126,,10,Roy Keane,5
G126,,10,Bobby Charlton,4
G126,,10,Rio Ferdinand,4
G126,,10,Bobby Robson,2
G126,,10,Kenny Dalglish,2
G126,,10,William Hill,2
G127,,10,Fionn Davenport,8
G127,,10,Neil Wilson,8
G127,,10,Ryan Ver Berkmoes,8
G127,,10,Brendan Sainsbury,6
G127,,10,David Else,4
G127,,10,Lisa Dunford,4
G127,,10,Regis St. Louis,4
G127,,10,Anthony Ham,2
G127,,10,Anthony Haywood,2
G127,,10,Michael Benanav,2
G128,,9,Vince Lombardi,12
G128,,9,Jim McMahon,6
G128,,9,Brett Favre,5
G128,,9,Reggie White,5
G128,,9,Howard Cosell,4
G128,,9,Jerry Rice,4
G128,,9,Steve Young,4
G128,,9,Walter Payton,4
G128,,9,Jerry Kramer,2
G129,,9,Herman Melville,851
G129,,9,Giovanni Boccaccio,20
G129,,9,William T. Sherman,11
G129,,9,George Washington Cable,8
G129,,9,Thomas Malory,7
G129,,9,E.L. Doctorow,6
G129,,9,Geoffrey of Monmouth,5
G129,,9,James Longstreet,3
G129,,9,Owen Chase,2
G130,,8,Harlan Ellison,658
G130,,8,Michael Moorcock,183
G130,,8,Russell Kirk,26
G130,,8,David Gemmell,25
G130,,8,Alan Brennert,6
G130,,8,Kilgore Trout,5
G130,,8,Stan Nicholls,5
G130,,8,Mick Farren,2
G131,,8,Barbara D'Amato,10
G131,,8,Elaine Viets,6
G131,,8,Harley Jane Kozak,6
G131,,8,Sheila Connolly,5
G131,,8,Kate Flora,4
G131,,8,Patricia Sprinkle,4
G131,,8,Krista Davis,3
G131,,8,Roberta Isleib,2
G132,,8,John Steinbeck,373
G132,,8,Ben Hecht,36
G132,,8,Upton Sinclair,22
G132,,8,MacKinlay Kantor,14
G132,,8,Paddy Chayefsky,6
G132,,8,C. Wright Mills,5
G132,,8,James Jones,4
G132,,8,David Riesman,3
G133,,8,Mem Fox,14
G133,,8,Kate DiCamillo,10
G133,,8,Candace Fleming,8
G133,,8,Joan Bauer,8
G133,,8,Neal Shusterman,8
G133,,8,Steven Kellogg,8
G133,,8,Cynthia Rylant,6
G133,,8,Chris Van Dusen,2
G134,,8,Philip K. Dick,502
G134,,8,William Gibson,244
G134,,8,Lewis Shiner,24
G134,,8,Neal Stephenson,23
G134,,8,Charles Yu,8
G134,,8,Richard K. Morgan,3
G134,,8,James P. Blaylock,2
G134,,8,Jeff Noon,2
G135,,8,Tom Baker,20
G135,,8,Colin Baker,15
G135,,8,Peter Davison,15
G135,,8,Nicholas Briggs,14
G135,,8,Jacqueline Rayner,4
G135,,8,John Pritchard,4
G135,,8,Tat Wood,4
G135,,8,John Nathan,2
G136,,7,Allen P. Ross,12
G136,,7,Gleason L. Archer Jr.,12
G136,,7,James Montgomery Boice,12
G136,,7,John H. Sailhamer,12
G136,,7,Merrill C. Tenney,12
G136,,7,Robert L. Thomas,12
G136,,7,Walter C. Kaiser Jr.,12
G137,,7,Shirley Jackson,457
G137,,7,Isak Dinesen,79
G137,,7,Karen Blixen,10
G137,,7,John Clute,8
G137,,7,Beryl Markham,4
G137,,7,Mike Allen,4
G137,,7,Thomas Tryon,2
G138,,7,Graham Hancock,13
G138,,7,John Anthony West,12
G138,,7,Colin Wilson,10
G138,,7,David Hatcher Childress,6
G138,,7,Robert Bauval,5
G138,,7,Rupert Sheldrake,2
G138,,7,Zecharia Sitchin,2
G139,,7,Dag Solstad,10
G139,,7,Jon Fosse,10
G139,,7,Lars Saabye Christensen,10
G139,,7,Karin Fossum,8
G139,,7,Per Petterson,8
G139,,7,Erlend Loe,6
G139,,7,Kjell Askildsen,2
G140,,7,Meg Swansen,11
G140,,7,Teva Durham,10
G140,,7,Lela Nargi,8
G140,,7,Perri Klass,8
G140,,7,Susan Gordon Lydon,8
G140,,7,Elizabeth Zimmermann,3
G140,,7,Melanie Falick,2
G141,,7,G. Clifton Wisler,14
G141,,7,Jabari Asim,14
G141,,7,Laurie Lawlor,14
G141,,7,Karen Zeinert,10
G141,,7,Steven Kroll,10
G141,,7,Susan Beth Pfeffer,10
G141,,7,James Lincoln Collier,6
G142,,6,Ray Bradbury,1162
G142,,6,Alice Adams,11
G142,,6,Richard Parker,6
G142,,6,Daniel Keyes,2
G142,,6,Holbrook Jackson,2
G142,,6,Ray Harryhausen,2
G143,,6,Joel B. Green,8
G143,,6,Darrel R. Falk,6
G143,,6,J. Richard Middleton,6
G143,,6,Norman Wirzba,6
G143,,6,Richard Bauckham,4
G143,,6,Darrell L. Guder,2
G144,,5,Roger Taylor,7
G144,,5,Le Bon,6
G144,,5,Andy Taylor,4
G144,,5,Brian May,3
G144,,5,John Taylor,2
G145,,5,Ann Tatlock,8
G145,,5,Loree Lough,7
G145,,5,Virginia Smith,7
G145,,5,Yvonne Lehman,6
G145,,5,DiAnn Mills,2
G146,,5,David Levithan,8
G146,,5,Sara Zarr,4
G146,,5,Barry Lyga,2
G146,,5,Lisa Yee,2
G146,,5,Matthew Quick,2
G147,,5,Cristina Rivera Garza,6
G147,,5,Carmen Boullosa,4
G147,,5,Daniel Sada,4
G147,,5,Silvia Molina,4
G147,,5,Francisco Hinojosa,2
G148,,5,Catherine Mann,9
G148,,5,Kathie DeNosky,9
G148,,5,Michelle Celmer,6
G148,,5,Sara Orwig,6
G148,,5,Janice Maynard,4
G149,,5,William Clark,41
G149,,5,Meriwether Lewis,39
G149,,5,Nathaniel Fick,4
G149,,5,Timothy O'Brien,4
G149,,5,David Thompson,2
G150,,5,James M. McPherson,8
G150,,5,Harold Holzer,6
G150,,5,Gary W. Gallagher,3
G150,,5,Elizabeth R. Varon,2
G150,,5,Steven E. Woodworth,2
G151,,5,Thomas Fleming,8
G151,,5,Florence King,4
G151,,5,John Lukacs,4
G151,,5,Larry Collins,4
G151,,5,Tom Wicker,4
G152,,5,T. Colin Campbell,6
G152,,5,Rory Freedman,4
G152,,5,Joel Fuhrman,2
G152,,5,Kathy Freston,2
G152,,5,Rip Esselstyn,2
G153,,4,Jonathan Adler,5
G153,,4,Simon Doonan,5
G153,,4,Andrew Solomon,2
G153,,4,Kelly Wearstler,2
G154,,4,Doyle Brunson,6
G154,,4,Annie Duke,4
G154,,4,Daniel Negreanu,4
G154,,4,Phil Hellmuth,2
G155,,4,Aurelie Sheehan,8
G155,,4,Richard Siken,8
G155,,4,Espido Freire,6
G155,,4,Lucy Corin,6
G156,,4,John Lahr,9
G156,,4,Charles Isherwood,8
G156,,4,David Cote,7
G156,,4,Chris Jones,6
G157,,4,Paul Cornell,41
G157,,4,Christopher H. Bidmead,36
G157,,4,Gareth Roberts,36
G157,,4,Paul Magrs,32
G158,,4,Davy Rothbart,6
G158,,4,Shoshana Berger,6
G158,,4,Thisbe Nissen,6
G158,,4,Thomas Beller,6
G159,,4,Deanna Raybourn,13
G159,,4,Deborah Crombie,13
G159,,4,Tasha Alexander,13
G159,,4,Lauren Willig,11
G160,,4,Deborah Blake,6
G160,,4,Ellen Dugan,4
G160,,4,Raven Digitalis,4
G160,,4,Judika Illes,2
G161,,4,Douglas J. Moo,6
G161,,4,Frank Thielman,6
G161,,4,George H. Guthrie,6
G161,,4,Mark L. Strauss,6
G162,,4,Michael Schumacher,6
G162,,4,Eddie Jordan,2
G162,,4,Lewis Hamilton,2
G162,,4,Martin Brundle,2
G163,,3,Charlie Cochrane,4
G163,,3,Alex Beecroft,2
G163,,3,Chris Smith,2
G164,,3,Max Euwe,5
G164,,3,Mikhail Tal,3
G164,,3,Alexander Alekhine,2
G165,,3,Ali Vali,4
G165,,3,Meghan O'Brien,4
G165,,3,Nell Stark,4
G166,,3,Kathrine Switzer,4
G166,,3,Amby Burfoot,2
G166,,3,Bill Rodgers,2
G167,,3,Amy Myers,6
G167,,3,Edward Marston,6
G167,,3,Martin Edwards,4
G168,,3,Andrew Collins,6
G168,,3,Jack Miller,4
G168,,3,Lara Parker,2
G169,,3,James Byron Huggins,7
G169,,3,John Harding,6
G169,,3,Andrew Peterson,5
G170,,3,Ann Fairfax,4
G170,,3,Helen Crampton,4
G170,,3,Jennie Tremaine,4
G171,,3,Jean M. Auel,5
G171,,3,Linda Lay Shuler,3
G171,,3,Anna Lee Waldo,2
G172,,3,Susan Napier,4
G172,,3,Anne Allison,2
G172,,3,Christopher Bolton,2
G173,,3,Steve Jackson,5
G173,,3,Ian Livingstone,3
G173,,3,Aphrodite Jones,2
G174,,3,Ben Carson,5
G174,,3,Cecil Murphey,5
G174,,3,Don Piper,4
G175,,3,Benazir Bhutto,6
G175,,3,Pervez Musharraf,4
G175,,3,Zulfikar Ali Bhutto,2
G176,,3,Sheila Walsh,4
G176,,3,Beth Moore,2
G176,,3,Nicole Johnson,2
G177,,3,Beverly Lewis,13
G177,,3,Cindy Woodsmall,13
G177,,3,Jillian Hart,6
G178,,3,Bill Wilson,5
G178,,3,Bob Smith,3
G178,,3,Bill W.,2
G179,,3,Bob Gale,5
G179,,3,Christopher Lloyd,5
G179,,3,Michael J. Fox,4
G180,,3,Bruce R. McConkie,4
G180,,3,Joseph Fielding Smith,2
G180,,3,Neal A. Maxwell,2
G181,,3,Caroline Lawrence,4
G181,,3,Erica James,4
G181,,3,Miss Read,4
G182,,3,Robbie Williams,5
G182,,3,Chris Heath,3
G182,,3,Gary Barlow,2
G183,,3,Noah Cicero,4
G183,,3,Chris Killen,2
G183,,3,Tao Lin,2
G184,,3,Laura Childs,4
G184,,3,Cleo Coyle,2
G184,,3,Ellery Adams,2
G185,,3,David Allen Sibley,5
G185,,3,Roger Tory Peterson,5
G185,,3,Kenn Kaufman,4
G186,,3,Dickie Bird,4
G186,,3,Ian Botham,4
G186,,3,Shane Warne,4
G187,,3,Jean Van Hamme,5
G187,,3,Philippe Francq,3
G187,,3,Edgar P. Jacobs,2
G188,,3,Erik Larson,4
G188,,3,Laura Hillenbrand,2
G188,,3,Nathaniel Philbrick,2
G189,,3,Grady Booch,7
G189,,3,Ivar Jacobson,7
G189,,3,James Rumbaugh,6
G190,,3,Harriet Ziefert,7
G190,,3,James Marshall,5
G190,,3,Jean Van Leeuwen,2
G191,,3,Joost Zwagerman,4
G191,,3,Herman Brusselmans,2
G191,,3,Ilja Leonard Pfeijffer,2
G192,,3,Hugh Fearnley-Whittingstall,4
G192,,3,John Humphrys,4
G192,,3,Peter Walsh,4
G193,,3,John Holt,6
G193,,3,Ivan Illich,3
G193,,3,John Taylor Gatto,3
G194,,3,Steven Gerrard,4
G194,,3,Jamie Carragher,2
G194,,3,Michael Owen,2
G195,,3,Jerry Scott,22
G195,,3,Rick Kirkman,13
G195,,3,Jim Borgman,9
G196,,3,Jim Kelly,6
G196,,3,Mark Turner,4
G196,,3,Jim Brown,2
G197,,3,Jin Xing,6
G197,,3,Li Yu,4
G197,,3,Zhu Wen,2
G198,,3,Kim Lawrence,4
G198,,3,Maggie Cox,4
G198,,3,Sara Craven,4
G199,,3,Lenora Worth,4
G199,,3,Margaret Daley,2
G199,,3,Valerie Hansen,2
G200,,3,Rosemary Harris,6
G200,,3,Mary Daheim,4
G200,,3,Maggie Sefton,2
